[
    {
        "candidate_name": "",
        "candidate_email": "",
        "candidate_date": "2018-12-18",
        "data_filename": "data_20181130-155852.csv",
        "number_of_unique_members": 49190,
        "wall_time_in_seconds": 3,
        "ids_of_duplicate_records": [
            [
                "4594b5aa-afc5-4cc4-90b4-a05cae4af738",
                "deee0059-4167-49b5-a8e4-9eea88e9958c",
                "0462c809-f7ed-41f0-965b-79a81bf4e9e5",
                "27b07ecf-0a1d-4826-85e8-dc2ede06db76",
                "20a5565d-de3b-4202-aa2c-deb6956616e6",
                "fcd568cc-b66b-4c8c-b739-1d7adf7a83e9",
                "16981414-ec40-4819-88ae-afdb801e4c66",
                "47813887-ba60-406f-b208-78c350d4df50",
                "3b3975de-3e6a-4382-a1c8-57897492be1c",
                "1a4c16b0-d32d-4810-b9e6-bff758a08c82",
                "ed3a8f76-4f30-4bfe-8e11-50c62f82756b",
                "7064da51-4b77-4302-9bd6-7732e727f50c",
                "08dd61f0-0178-4180-8a45-2a6e03a21dd6",
                "b6e4da0b-acbe-45b3-abde-fd32e87b0257",
                "3dd412b0-2d21-4f50-8489-6de9126e2d23",
                "790e04f1-6412-4ff7-9dee-69b5ec75d0cf",
                "3ebdff62-de35-4750-b260-36ad9f276c62",
                "a44103d5-ef4a-47af-b9b2-e8eec54fddc1",
                "e33e85d7-33c7-4546-a5cb-24443c041b1c",
                "961487ab-57f0-4e04-b54b-9c3a9305991b",
                "e5a74465-b619-4fa3-a298-5c0294e7094b",
                "46618088-6797-4902-95c5-06b13824d0b4",
                "247d05af-216d-4c0e-8341-3593d7331634",
                "a6c340cb-ad2d-48c3-95a2-40633c54d6b4",
                "f33bfadb-6402-477d-9ef6-325f69b56bb7",
                "de39a93f-d366-4296-aa25-2916959f5be3",
                "5fd392a6-2b94-4e66-bcd1-d6026e4e55f4",
                "7d315d1b-9795-4bd1-804b-4ce7d9606f2a",
                "10440ef3-98b8-4a12-ab4b-18994aeeac3f",
                "26de2a8d-1b72-4e4e-aacc-840768a5e2e3",
                "0ed60ed8-c5fa-49f6-873a-5329ba37a6a3",
                "87d8f272-1b55-4c80-9959-e45b0febf17d",
                "813c81f1-7792-48b9-926e-4df9adef4c4b",
                "c0e1cfdb-bc32-4a90-a4a5-235a12863c0e",
                "e821b079-49c3-46c2-8fcb-b2686c8637c6",
                "47fcc95b-074e-4ddf-85fd-e8c0c854223c",
                "0975eca1-49a4-4149-8e72-4b650839709d",
                "7dba569b-9d67-4c7f-a472-19535a0fd2bb",
                "e170c33e-3cc5-40ac-a3c1-241e0f41c790",
                "e99f35a1-9aaa-463c-8e9b-a12c38d9665a",
                "3d61abbb-e09f-4d12-84d5-7933cdf72fbb",
                "a23219d0-f36c-4829-80c1-fcff7d914234",
                "fffd8e91-5d4e-47e8-ac8c-9054bfea0710",
                "537ae320-ec6c-42f7-a0f8-17a832daf37b",
                "590cb06d-9b0f-4093-839c-b393c570f2a2",
                "a2c8b814-e39b-4665-b756-ee031f7a1f75",
                "96a9b3ff-0f3e-463d-83da-1de39a9900c6",
                "99acdf68-875e-493e-87c3-292f36d292a1",
                "3ad0a91b-0e6a-4665-bf93-3ec6f186a686",
                "1188dd25-9a71-4dac-88c1-1db5224deb54",
                "3e0912a2-1c48-4374-a73b-75fc2caf62b4",
                "0de2dfc6-e68b-4eea-a804-0b91f5d19f51",
                "6aa1e416-255f-434a-9312-864244f615f3",
                "973a017b-ea6b-4128-85f4-5dbdcfb81d75",
                "585d17a3-51cf-4af1-9b6b-aef7836b60ae",
                "e1546b8c-9751-4404-8468-b55aaac2c902",
                "f31297a9-bd1c-4449-bfc9-c8d3e53e2aae",
                "6ca62ca6-eba5-4f53-93c3-984913614cab",
                "240c9cc9-9f53-42b0-acd3-6f28dcea817b",
                "a60a6078-5f4b-4865-9fd8-92da31b8991b",
                "21aff294-9170-4a1c-96cd-11b322a6638f",
                "4e586099-5d5c-46ff-9df5-adfb57065dfc",
                "29e831b9-1460-4e02-9546-dc695d85783c",
                "71d17ef6-11e3-42a7-bd7e-876af8d93d44",
                "b176d2b6-439f-45c4-baa1-e50609ff4461",
                "066c2a5f-72a2-41ce-9c0a-9fafddc19a6b",
                "dea6d387-43b1-4298-a2cc-04510315cb3d",
                "097f92a5-4d0e-40a1-b52a-07098ccb3c97",
                "83a43a41-e0a3-408a-8de1-552bea6a02b4",
                "735d5b6c-9dee-495a-9513-c52f564ea301",
                "c8f547ae-8160-472f-839e-c83269497453",
                "426b3b7d-d013-46a9-aa1b-f915efc00dae",
                "1f9d38a5-3c1d-4b7f-8b9b-8687a2b16f9f",
                "84b45da8-5fa3-460b-813e-8328b97ea773",
                "fadd0020-2dd1-4266-9426-8207c3f52fcc",
                "16191d03-5402-4524-88bb-ec734b7e05ba",
                "abde5f29-59f6-4268-9781-521ab33efa72",
                "5373eaad-2fa9-4e76-ae4e-0ef945516422",
                "75cee86e-46ac-49e7-a250-d136dc37304b",
                "dce9972b-e590-4f7f-8de8-c52907ba488c",
                "fc84a5c3-f0ed-46bf-b7ab-c9b5f2059405",
                "e321b926-191d-4d9c-b033-d870b635b8e1",
                "d0ab5950-c7ac-482c-9b16-309ba4528596",
                "76b1140e-a8e1-40e1-91fb-56960f7ab73d",
                "a3d1c391-f226-42aa-93a0-f0ba284b6ca1",
                "d337c4ac-057a-4467-b5f6-3ce80f9df6d8",
                "2a72a671-dfba-4f64-b45a-2e34aa744d93",
                "afdde5cd-0eb4-495a-bcb0-4979476426f9",
                "27bf93e9-3add-4855-8c73-c05b826035ad",
                "bbbe7bf9-727b-48f2-baa2-cb6cf24eaf3b",
                "661a6dcf-248c-4cf6-ab97-28e1ae89139c",
                "037d3846-3fa8-4b4c-9542-9b58d0b7e472",
                "9ee13f85-1299-4ebe-9547-7191a2902067",
                "02d10202-d4e1-446e-a323-48a5d7e755f6",
                "196f2fbe-6107-415f-a39a-d6a2a5a4d25a",
                "e502cb77-b566-4a0e-b248-0cb52a5acb26",
                "36b43a60-efaf-4492-8671-814a549a76e1",
                "ddd74162-6462-434d-b2ae-745957460b1b",
                "af32a8e0-d6df-47bb-9d94-312c426f6955",
                "72a24f93-84d2-4613-802e-7ac63aef5a53",
                "612f9232-46fe-4865-847b-b3714900f788",
                "7645d68c-102c-4d27-a21b-ac5e9da21b67",
                "550b5da6-adc3-4932-8de2-826e84c6f6f3",
                "d38bc9ca-f236-41b0-a17d-3bb5bd07fcc0",
                "66d6ced7-87e3-4c7f-89c5-589fd31f988f",
                "9d6386a8-c82e-4b1a-b533-2a1a1353bf09",
                "266f01d5-1065-4c9d-8024-86d7918cf8cf",
                "46aa7cd4-7e1b-431e-ac94-84a4a44c3b77",
                "956e87e7-40b9-4f58-a15e-b8514b6128ef",
                "39b493d6-518d-4379-bc71-5a0b5f686217",
                "3b74339d-20c4-4c1b-96f7-6f4c3b71668d",
                "3d54a20b-5e38-4a32-b598-8442ed915b92",
                "431af6ef-03c3-4453-99ce-31f87b563ec7",
                "789d567e-e0d2-4352-862f-9445b26992f2",
                "5f535808-a6fb-462a-acf6-ff92324ef0ab",
                "b52a5912-c8a5-47b9-9612-4ab1ac6c0e7b",
                "960a2943-04f2-4be9-a6d8-3c65a03eb5d4",
                "dafc54a4-bb71-463f-9288-f32108f7b7be",
                "d0ac20ef-06d9-4e2b-918c-cd24787c5f6c",
                "8b4875a3-af7d-4b39-aa56-f6cbf80c5126",
                "a2bcce85-ba7f-4626-aa02-6020d0e465a0",
                "70630252-2859-4684-b2b3-1aedca1a7a2a",
                "bb3fa67f-1980-4592-9da9-73ea2377b9a3",
                "68ba9915-b4a5-4cdf-aa84-eea9fc4f9e47",
                "5da0846d-1514-4d79-b251-4c96077e6fa7",
                "d3a634ce-2dd9-4f03-bf45-ac0bba94fa75",
                "32b6e5e3-3823-4d32-a160-76fd14fa28df",
                "f8c95ac0-f374-49f6-934a-33538e36aeef",
                "fba30bd1-2138-4342-93e2-66cacad617b4",
                "aef75f05-c196-498e-adf8-f2b4f480c353",
                "0e4d5093-0494-4d8d-a75c-ce07e20edc31",
                "f5ceea9f-8d0c-41d0-b3ad-5a92ada7462d",
                "ff7cf09f-4ab0-4e77-be14-ef7ecefed18c",
                "5ec23e4c-4310-4ae8-8f8a-f727af926857",
                "cc8f5995-7928-4bfb-8f48-3475ef9e2655",
                "7058daf0-88b3-4f79-a7fb-7b79f1a6c283",
                "728e8766-7175-4685-91e4-cc8139f19418",
                "82d1c01d-1eb9-47a7-8943-be760dde1bdc",
                "f8113648-0a89-4b37-a78e-1f6d9eeb8663",
                "28d2589f-59a4-48f0-9ff6-c2857e3f92e9",
                "48e431b9-02dd-462b-9b72-70ab74b9819a",
                "9b681447-1adf-4e4c-9282-6b95558c6951",
                "f5be001d-c731-4549-8c67-316b85770580",
                "4a88e3e3-948f-4fe8-86b7-6abc6eb6eed7",
                "34a3c797-da51-4049-9960-8473035925c6",
                "8ada7a77-89ca-4c9e-89ec-daf1525667e6",
                "da77c310-c371-42b7-9070-f1d682825224",
                "904a6cee-f5ff-4a36-9aa1-af6e5f2f0f84",
                "16687e73-978e-474b-ad65-81e15656155a",
                "f394b05f-286f-494e-ab05-2e20f4850c94",
                "911d5dc2-b66e-46e2-ac8d-d31863b5440e",
                "5678467b-55ab-4130-86d2-ae1f81e5bcd9",
                "c5d8ea47-15ee-4970-8fe4-30dee3fb56ba",
                "f5244928-5254-4bf8-a124-d85b8644d546",
                "6a999960-6936-4add-b9ab-03fd0b53eea8",
                "2d17b6e4-265d-4283-8ce3-a8efe9528b42",
                "5dff7c87-16e5-4aa1-b407-24ebae4ded59",
                "2cecf45e-cb9b-475b-b646-de43690fa26f",
                "20db5a34-5494-47f4-94f0-61a3f6de362c",
                "499e975c-c03d-4cfd-a46f-cc6a59093fce",
                "e788360f-de35-4ed5-bd4a-296f5c1aa86a",
                "13e4808f-310b-44f5-b22c-404c15b128d5",
                "e6b78b8d-676f-4cec-8300-54fd76c45e28",
                "f0de80e9-9b91-4975-8e13-bb7290fcca38",
                "a174ea5a-40fd-4931-bf14-efe2d4099a91",
                "231a3e06-9527-439b-8009-b13e81bab064",
                "61024360-a6b0-4439-9f87-e1b610c1a324",
                "1095622f-0d61-4763-a749-c8d0327efa3a",
                "75f368b1-bb7a-4e1a-9893-43358010d161",
                "49825b08-92e8-4c58-9462-3488eb7d9b2f",
                "91dcda52-bc50-40e2-ad81-8438ca834adb",
                "d63d71fd-5678-4f0d-9893-c04abbcc3d95",
                "d405eefc-1fb6-469a-9de2-dd656606bb6b",
                "8c203874-9d70-4ed8-9787-3f7435775482",
                "f91e1f80-c6c4-4837-a56c-f1feff90cb80",
                "e8f9c78c-34ba-4366-8c91-7c01d60178a9",
                "f7dc396f-48ee-4c22-8346-4e1fc0f8236a",
                "cbfb4a57-5f85-4dd1-84c4-368534ac2868",
                "611da235-3c89-4ef9-93fe-152ab77eaa44",
                "d1e4024e-a8e7-4150-a0e2-c6dd31e6d867",
                "12c8881d-98c3-49ca-88da-f8ee4d6e9336",
                "df6da8bd-cad0-41c6-905a-0c664c4e1bfe",
                "f552dc4d-b15b-4335-973d-d5cf02e4ea8e",
                "6c3c0315-f11e-4f71-83d9-aca6eb3b046c",
                "6499981c-3446-456c-80e5-f94f40869bba",
                "1ef8a1ca-77b5-4d8c-aa21-528ef656bb99",
                "7ddd4c35-beb3-4acd-9212-355f855151ed",
                "f3d0bd53-7aae-4bd4-997f-7573f2f2e3cd",
                "35fe785c-5e60-4c02-b072-166bc4df3edd",
                "b38bf722-5e3e-4550-97c1-f30adad55d1a",
                "a9fa405b-808f-4a8b-9c53-92b4dd60a466",
                "cdc2df35-43dd-458f-8b9d-bfc097250d88",
                "51a8def4-472f-4abc-898f-a3ac19e637e6",
                "c09357f8-9f5e-4722-8fe0-1235fb41c89e",
                "2ed57e03-18d6-4dbd-8aaf-eabac4cb10ee",
                "ba734e04-ebe4-44f8-be87-b15af1ddfb6d",
                "202959aa-140a-4d9b-9546-e117125887b4",
                "a4003b6e-b74c-4b82-8673-9d9aa0083a7b",
                "6db81e24-513c-4dc6-b90b-1d760c3c999d",
                "e36ff191-b942-400d-aaa7-1d626b3dd5c6",
                "6b2cd0fd-dd37-4ca8-8e87-1e46ee1fab63",
                "6558f043-796b-4a79-a5ee-84d28876d953",
                "179167bd-3db1-46f6-bd6b-b5ad5308cdef",
                "3d102a99-a7a2-4d4a-83ff-21f81b3a428a",
                "100585ab-d1d3-4232-a44d-df688333e30c",
                "c4f0b25c-f905-47eb-afe9-62160b1840c9",
                "065b9748-212a-411c-8e21-4e07bcec96b4",
                "df4e459e-dd03-4fbb-9b3a-3101ecd80596",
                "e6098c8c-7f25-4d06-9878-a91f94fad26e",
                "514f2126-8025-47a9-abbb-661fdde456e5",
                "af9ced4f-47bf-4219-86d5-9bdcf3336676",
                "8a00009e-da11-4397-80f0-e7bca23d4816",
                "2af90ab9-77b6-41bb-b33b-a7c68f9a2a50",
                "80cb7f82-80e7-4f2b-8213-b61abb0378c1",
                "759832c4-d8c2-4dc1-9ccb-ea5bd177b6bc",
                "ee19388b-ac46-4efb-9a10-b2b4c386c65d",
                "aa135317-9e30-4772-bf4b-2a2bd9d8ef16",
                "6b99ef15-3d73-4982-abf9-79a0a5dcc7a4",
                "02ad3786-2dfb-4a8b-9728-0ce9ee258947",
                "07b56689-3b07-4bbf-a950-53bdc7f7f990",
                "fbcdf4ab-697a-49ee-bb4f-6af2163324e4",
                "6f99306e-9ad1-4b1d-8661-e1799049c78b",
                "6a55b1af-bec0-4b2d-972f-933032f9dab4",
                "c6cab4eb-e45e-4705-9920-7d2801326cb6",
                "fe7f26e8-5dad-49a5-baf5-0907f89c035c",
                "8251f74f-b93e-4bdb-ace6-0712e9808ce7",
                "7efbb431-d545-4edc-aae8-9f90c3cb261a",
                "757771c6-c4bb-4c72-94d1-75d9e1a92ce6",
                "f022d992-4008-4e6b-8a90-25fc2384ebe7",
                "17a91d48-6717-4770-81cd-c11125049bcd",
                "fe390987-7cdd-46c5-92ef-d519737ad39b",
                "886a8762-1f19-4940-83e8-3b062204cbf0",
                "ef9f178c-cf0b-4937-a1a3-ec84c3eb5ad9",
                "1a417b01-044f-4d1c-b49a-170c7e4814d3",
                "01f5ffc5-6781-4f12-bcb1-bd3235e84007",
                "4356425e-1621-4f26-97b0-f225f96fab00",
                "b0196ae2-010c-42fc-8bc2-d75797c6dd8a",
                "2f780e6d-01db-429b-9b15-9a69458732c0",
                "91e4ac66-7875-4b20-9bf0-68408e65641f",
                "f116c15f-619d-4a86-98cd-eaad4090b9eb",
                "43b2e345-a091-4e68-9cf5-352721caf7c7",
                "cc3125c6-3576-4664-a05f-5f8072dcde5c",
                "d11fb135-3f03-4fc2-afc7-d990262cede5",
                "6d77d209-eaf8-4bc7-be73-1acda97864a1",
                "2e948f97-9b4d-41c5-b5a8-91c6bef5764b",
                "312a2b0a-6da9-4e4d-852e-ed65e2e5712b",
                "54248135-b36e-45f8-8765-4a37f00a230d",
                "c19aefd1-dd47-452f-9674-83cdc4f4d572",
                "825ba013-bc05-451f-95c4-fc5507f85c11",
                "dd468304-4a7c-400d-9d40-1b7b0d0aae57",
                "0f07ab8f-9778-4e83-8588-440b4ac648b9",
                "32a7d27d-d4ab-4cef-a18b-7f89d6da5dec",
                "715eb0c6-ab82-4a8c-88b4-d8ee21a70c94",
                "d7e40a14-9fd1-43d9-9361-db2bda44c801",
                "c79a9d4f-ec8a-4d9e-864d-1d51e7e1e074",
                "d7374dba-2f19-4e61-b0cd-ef150921cd59",
                "f039082a-d91a-4ac6-aebd-6751e518a317",
                "68c0f5dd-a1ce-49fc-b786-c608262c0c38",
                "be0dfc40-ec00-4aef-a9d6-f180ffa2bd58",
                "51ee3651-aec0-4769-a26a-6f5f06567f2a",
                "d477e77b-8ecc-4055-b40a-7e80b919b00c",
                "bf9f6e3c-20b6-4470-9a7c-1d0f06979c5b",
                "59472fef-3053-461e-ab42-317ccbc74607",
                "082ebb79-5ce6-423a-bda4-24ffa4dcdc41",
                "8c409c1a-723d-48fa-abc5-2658e60aa9b0",
                "3da9c57a-a680-44ee-a97e-4ff3156f9ab3",
                "6c125c82-fca6-45fd-bb74-7b53ebed2cb0",
                "2064485d-c6ca-4f5b-b72b-e8d60baac1ab",
                "0e610e6d-4613-498c-8007-21c220b373b9",
                "19bc3585-c854-41da-8e15-98780d69f72f",
                "955c4f4f-0aa6-4a05-862d-f9b5e97f8913",
                "c8500a6d-ae6d-47dc-a5a6-78c4b4e074d6",
                "99289c2f-3bdd-476e-8787-c0f7d70f362b",
                "14f39113-2297-4e27-9512-f53f8b446cf7",
                "77115996-b211-4319-bb68-3dcb11ea5885",
                "f1f2135a-3961-490a-91e0-93047a99f644",
                "18b55d42-7d0d-4b83-b857-231f5a15822b",
                "11c45cac-04fd-4ea8-8c7f-6b430f7d2d38",
                "d017ced7-21de-48e9-ad7f-8c1243e5e2c2",
                "c7b323e0-0354-4851-877c-ffd0fe575d13",
                "9e543d97-9168-4f8a-a197-c8878d50194d",
                "54d83c09-aff1-4d07-b8e5-a5b8ae180800",
                "2feac079-bc61-4a38-9152-007c5e53088e",
                "3e5165ab-dc89-44bd-9e13-10c77ce7854a",
                "644ad249-2ea5-42e2-8e11-3c772fd0c1b6",
                "578ed794-b7ab-4275-8f0f-2b7b024bf6f5",
                "fe3e0352-6f5b-4f49-88e3-ba94121d0048",
                "ddc9cce9-a313-4e44-98a5-9d0414887e6d",
                "19e9e01b-d242-4bcd-9151-5cc013e95a91",
                "673862f8-8a04-4f20-ae89-27cb2d28b286",
                "a05a713a-3fb9-4886-b10f-6f9404a10929",
                "c88ee0d9-456a-4800-96a4-042f0e98da30",
                "00bf8fe7-d1b0-4c7a-84ea-b66e9c3c4e22",
                "21d7e478-12ba-42a8-ac6c-96f04bc62924",
                "33eb17dd-9997-4bc0-9eea-46f10ecff896",
                "6ebe1ad6-f7cc-4469-9979-a522ea1b7edd",
                "3db0333f-ed9b-4b59-8c7f-17c55eaf7723",
                "435bf1f3-da31-49f6-98dd-0bff12240bc8",
                "593805d4-93dc-4187-8507-2ab7cdc8fdba",
                "5977d8b6-d6b3-439b-a502-d208eb1d6d07",
                "226b274f-68a0-487e-87fd-673b0a2b6bd5",
                "c05f3d1f-7add-477f-b1a2-d060eb022a5d",
                "9f06ed7b-3b40-4882-9b50-499ac590bbac",
                "4b5b235b-e74c-4f52-9efa-389b92bc96c9",
                "3a2fee3d-5b86-45e6-b26e-8c5360b595e0",
                "6c4fdf3c-9624-4bd4-bac2-2fa46197cec8",
                "5e04ef89-b2fc-41d7-944a-4b03440424b3",
                "253d43d3-acbb-4cac-b717-cfc4f630c90d",
                "017ab01d-0b2d-4552-883f-a6b6720bd713",
                "bf34e7ff-b293-4db7-b3fb-56f4338a7939",
                "3fcd9159-733d-4aa8-a9c6-ceca80ee3541",
                "d07e9f18-e4c1-4719-b523-a049030177e3",
                "5f6521aa-79b8-4e55-af43-f30e582bc00f",
                "db6c597a-c7f5-4b17-9dd5-2ae962a124fa",
                "57a15df6-b07a-46bf-b528-5c5a41a04fb0",
                "74ff1826-a667-4758-aadb-ca0c8203f345",
                "bee278f9-9eb6-4257-9cf3-a3c875840566",
                "20596751-059e-42d9-b284-2d259b729a3a",
                "dbffdd07-da60-479a-a110-fa4728305ad9",
                "0167556b-c178-40a4-9dc2-dad19ac76a95",
                "1fc974de-fca5-4597-b87e-7db8a2c1fb74",
                "0b8364a0-813e-43b9-92ef-6ecaf6b931e7",
                "9032bb62-6bdd-4ec3-8980-291a0657be88",
                "eb621aa4-4616-4fc3-b48c-3a99dd671366",
                "a4628bee-ee3a-409b-9894-cdc004de2c64",
                "4ff149f7-e403-41d3-b216-a9910caa29bc",
                "04140429-b8c5-4e2d-9e5b-2a05de7a9516",
                "b8024edc-81a1-4b78-8fe7-e0e3f810e254",
                "63d5bfdc-a18b-4085-94dc-b97ef9e4edcf",
                "0b529b98-27af-45a9-b67d-7f379231b9f6",
                "071ac4b8-c997-4c2a-b6a5-a4b232c96fac",
                "7a865b63-68a4-4d61-913a-b946a584d8d2",
                "e7f6a25c-c458-4720-8597-3704185efc38",
                "13688b92-9577-402a-bb30-562cf34480a2",
                "5e726a14-186e-4008-8bee-96a69b26ef8a",
                "d5cdcc01-9d4f-423c-aea3-19877ba56cf8",
                "5fefdb89-03eb-4d19-878a-709ecae51c21",
                "b8a2d923-6596-4779-95c4-20fbd3963297",
                "da45eff8-decf-40f9-8e7a-6c342ba92cab",
                "1111b729-8ad2-4183-8c44-be2a38333a84",
                "6288427f-5eb0-4642-83db-f6610f8edde8",
                "eb30feee-c809-4ed7-97e2-a0e1bed8a5f4",
                "078a8712-1df8-4eed-b003-4bad10cbfa25",
                "c36afd60-8630-4076-99c3-41d694ddf5ee",
                "3485b76c-7bed-437a-8578-ab507cc1f1dc",
                "30425520-72b8-47c3-9c3b-9fdf92db4f29",
                "c1a204d5-1cdb-4d74-8b70-7ef16a708aa5",
                "99d7f6bf-c05c-4885-9ee0-f391f9f093e9",
                "be842e61-ac78-4911-8c84-f01a13e43122",
                "f54a8c46-af02-4614-bf5c-4f55e63a6997",
                "02d69ba3-7c1d-415d-9ca5-549ba6f280b8",
                "b0b3a024-a862-4fdd-8eb3-3a0dacd9e905",
                "dc17e856-c7d2-453e-8fd5-71d6f73fdd85",
                "46eb22ce-3345-4569-b837-b4291dbae70e",
                "fef96b4a-de59-4222-9468-8b65fce1cb53",
                "29036696-d392-4704-a34a-a1926a186ddb",
                "216c8139-533b-4231-9f44-4768bed602cf",
                "849d5aba-6f73-40c2-bc65-43b0d97818ab",
                "400479f4-b053-48fa-9d2b-b5c2794ad522",
                "a87e9899-e767-47a5-9e41-5f359173e194",
                "0215b493-69f9-4651-aef7-8d1fd4a1209f",
                "509d2529-caec-4248-9618-17d4481cbea8",
                "37e52409-9b8f-4d49-bbc0-71a0f0fff875",
                "07170097-4139-4c1e-b48e-256b129d90c1",
                "b2e9d7c2-9473-4aac-8e14-f605c426688e",
                "a48a7d99-a5eb-496f-a1b7-e0c201846fb1",
                "ef0aa4a9-bb1c-4638-828e-8e5195c255b6",
                "f8331f50-159e-49e5-a215-029dc5364db1",
                "177989cb-d90a-4b8e-873a-6b03281e0fe9",
                "5fd6dbfb-4063-48ed-8b10-dd570b50772d",
                "9b2d2f1c-b62a-426a-821e-b8458eea6f75",
                "6d8e801a-b253-48d6-bea5-bbe91be8ca6f",
                "e090f57f-0274-4117-a5c9-eb3e452e2caf",
                "6e84a097-ab3b-4f50-8c19-daee9137affe",
                "4a1a1655-9d45-4313-b170-2965b84e3246",
                "956f53bf-0308-4f42-a086-03a196f1415e",
                "c44f3850-cc05-4fb9-b947-a8f94653a073",
                "4122a949-c536-46a7-ac85-3f87eddd7bb3",
                "dc9cca06-d340-44ee-898d-711b21f1e68c",
                "f6593f11-33a7-4692-94cc-612288f75c44",
                "c0bb8d92-f243-4553-a4dd-6e564e294c8c",
                "ab657812-6ed8-47fb-883c-906804838aae",
                "8d0e002c-2049-47c3-9930-e2ca6af2828a",
                "f2af4325-19c2-4638-8829-506db426f73b",
                "00748f07-2357-4300-a3e9-2cf6b8f764d2",
                "025e1917-d6d2-4175-b53c-9873245e0d2f",
                "3224d2fa-c0b6-4571-bab5-85ba77522dad",
                "a090f3a5-923d-4dfb-aa0c-5702e420745d",
                "fe33899c-0dc0-4f04-818f-399540c31a83",
                "94fc514e-320e-4d1e-b7b3-52b62c6c78a4",
                "6754e888-c93f-422e-ba9b-09e575b2986e",
                "ebf80053-6937-401d-bc6b-4846121b7edc",
                "18de72f4-12cd-4888-96c8-bb54f1c90578",
                "c9fe6b2b-2024-4ea8-b154-441ca5206f6b",
                "03fd3861-1519-4c45-9cb9-775a63218818",
                "9ed1095b-2ba7-4b27-a135-3802ce81c66d",
                "eb151e6a-8448-49f5-b6f6-ef08f8aedf4b",
                "10efc13a-92f4-4364-988c-2d8d7a76ed7e",
                "047a801b-5c69-4a7d-943e-51457d408e69",
                "c5432e62-60f9-420f-84b6-7ec6d6d64cf7",
                "0ca3a447-c38b-4717-aa9b-316062171af7",
                "9a4caa23-7dc9-4158-a3a7-ecfe005b8b57",
                "594c8675-dd83-4a02-8b43-226a84bf84ab",
                "50fa7e6a-17f5-4ded-91ba-86830de42b1e",
                "452c670d-5da9-479c-889b-3c6165708860",
                "e241f55b-4932-429e-9a49-bc6912debc1d",
                "bd3b1d8a-11b0-4a07-b869-e40b16bb9271",
                "2172bad7-27fa-41f9-a353-9b52064492bd",
                "45d04d46-e5cb-43fe-944f-2abfe2016479",
                "96164ae8-9be1-443b-a921-d0cc4eba818d",
                "2f470d13-8ff1-4e4e-a2a5-d53b47e3b8a9",
                "5b269ea3-b637-4f8f-915d-6bc7ce19171d",
                "f60dc86e-13e6-4272-9594-c0df718934f0",
                "3ef5ea68-34d1-4e38-acbe-28918160251f",
                "8b9d166e-c34f-484b-9ccb-edba2f7c4da0",
                "4df9a085-b8b9-483f-9ab4-1096dc9757b1",
                "62584376-a40c-475a-86e3-c431a083b1bd",
                "bfb7f954-681f-4bd4-8f20-71db80d5783d",
                "c4d8d8e1-2078-4251-8338-28a8500080bf",
                "6233f023-4055-4bc4-86d6-8ae949fb7ffb",
                "b79845d7-ab20-495f-a860-4b568fe06a10",
                "3daa8cbf-25c8-48e2-b3f1-d78f733b87a5",
                "8ee3e2db-d89d-49ad-8a58-8fc149402291",
                "a0a12a85-b9e6-4713-b8d7-15bd782ed8ef",
                "24ed7a76-5a3a-4f18-af97-d4d8eab4656d",
                "f4725d61-c8cb-4815-8749-a65fb70bacc1",
                "c826df00-8c97-41c3-9997-fe98ae5fbd3d",
                "6fdb2e8e-e82b-4943-9896-3810e4459ab9",
                "6a8a8eee-d658-4980-8558-e7c85d9e1e75",
                "96e05591-f3ce-4b50-b2a2-d6a6be317571",
                "96945ac1-3542-43fd-b273-f1376c718e2a",
                "a89dfb4a-09e1-4360-be1c-16c8f302bdb8",
                "69657e90-00c1-46d1-8c47-ef3355b9dd44",
                "8490716b-bf18-4f2a-97b2-16aacc4117c7",
                "19801321-d940-44c5-88a9-49859958560b",
                "2f2730cf-86de-4b2a-ad07-67dade4d6e50",
                "1d9b464f-28fd-4fb1-9a7a-227e23abb6fb",
                "ea042b3f-8828-40b4-8237-64443e94a56f",
                "fdbb3e00-d1fb-429c-878f-e813e9db483d",
                "645f5337-8130-4686-b0b5-9b20cfe637c0",
                "cad5e60a-2e85-45ab-961f-55b411d75c7c",
                "2b7fcc73-8aef-4d42-b8d9-4c17883bea16",
                "52c1f239-cb39-443b-8dc4-8289109ba1b0",
                "f5426ccc-4bd6-42b3-9155-1e71cf121354",
                "fb9a6647-115b-4b99-8d45-6dbcfb28801d",
                "5500dfdf-45d9-4eda-b623-1791f89877f0",
                "87e703db-f7eb-4718-b079-de09171ab79c",
                "3a634f29-0c5e-4dac-8b2c-dcb22492e354",
                "d7ab7de9-7e39-40b0-bc89-823f8a3d1d7c",
                "17da45ca-e18b-4f58-a5cc-c15cda3e4621",
                "c549ae17-724d-4158-a3ca-319bba85e15f",
                "68f99fa0-d4ea-47b6-8fc0-dce49233e29d",
                "5a62f6a3-d184-4b71-aad8-0098ae2ab7c1",
                "65f194b5-8174-489f-b633-af7a83be92ea",
                "e509f568-0bf8-44a7-9781-f5d6de4ec385",
                "11f5571c-2471-48a2-84c6-701428bc75c6",
                "a30d8fa3-dd8b-4f35-9c62-a6316977a17a",
                "27bfdb54-b4ab-4984-8a1e-5f73977c9e99",
                "79853dc7-69a1-4ada-923d-3f17cca86b7a",
                "62674d39-a78a-4a2e-844b-e17847c3eeb0",
                "b724e720-2e20-486f-9acd-a06f0b8dcef7",
                "20435418-825c-4a43-9bcb-0642604db506",
                "03be51a2-2c7a-4b52-a9cf-69fdf7202780",
                "0ee3cce7-3b36-4774-aff1-a6c321d11e24",
                "e8e5cb27-bf19-4f64-ab80-46c5966bf970",
                "b39a5836-598c-43bd-a2fe-dba60813be1e",
                "c46e6520-15aa-45d7-8838-d4d16e1d5b80",
                "edd636a0-3cc1-4716-a980-3369bd01733a",
                "014e7d75-c1d6-4d91-8ff5-0452f6c43848",
                "f17ed34c-7248-491c-b727-4086cca60dc1",
                "f2ca918f-548b-4e05-a197-d93dae9dd2c4",
                "50c491bb-cb88-4d36-a098-e5f3af0eefdf",
                "e92f6da8-a5ee-4c12-986b-cf6b77ccf9d4",
                "b54136b8-3d7e-4d94-a2ac-c5691ab00911",
                "2964b390-60a4-449b-b1cf-eae24e18aab7",
                "c6981359-6def-429b-8668-50ef9079042f",
                "debd9f6a-4a3c-4845-b4cb-99732aca10fb",
                "a4596a5b-83bb-4290-8ba4-558c7a1d3a5b",
                "9967f4c2-6b9e-421a-9afb-72295f2ebd8e",
                "34e65ef0-927b-4b9d-b191-7169ee810e61",
                "fa2992e4-992a-4912-bf02-78f2cc320b2b",
                "e97bbdb1-0d9e-4fe3-99d3-c071b1f92a82",
                "f3cf05f3-05d1-405a-961e-af327330b252",
                "647bf68d-f14f-47be-aab0-66db133dda5b",
                "2611cdbb-b6ad-4299-8791-2b628f1cded9",
                "164d5b5a-ed04-4722-8bf1-1f86a5079c6d",
                "9fde33b0-0bd7-4997-8a4f-360a93ccb9d3",
                "ef21df63-af3a-476f-8d4c-68292987d94c",
                "7ba804bd-0d49-4bb0-9006-d1b788f55948",
                "2a463b34-2d64-4bd1-8ad8-d3105fca243a",
                "d2c9eb73-57f3-4b93-b08b-0c3ff873c616",
                "133650e6-08c9-4623-b2aa-5aafaa62f617",
                "ca91e554-65c7-44be-9e87-db1930026cb3",
                "33a1d516-002e-4af4-869c-1c9a11aadda0",
                "f9a01491-65ee-48dd-9d24-2026987699a5",
                "b4309394-c1c8-4c13-8ad0-49c5d8062845",
                "7b48ae76-adb5-4379-8216-be7ec0049342",
                "71978633-b047-43d0-8764-2f48c7cc0eed",
                "9f3c9234-8f34-4a51-a5ea-4718932578f9",
                "cbbbff72-d290-43a9-8f8f-44314a1e5f10",
                "704a533f-0f3f-40a5-9292-31cb7ff36c94",
                "77ccc74b-304c-496b-9acb-e574f73fd792",
                "69894b39-570d-4180-8360-b1960c35bdcb",
                "3c971f86-8cab-4ad0-8e75-f7726ce25048",
                "f66871f0-05cc-4174-a8eb-db6447636cb9",
                "d13bc808-93c1-4642-a997-011ccfa01ad2",
                "268c412a-8505-45b6-aa94-153b60999ae3",
                "f8d1cb3a-78b6-4e43-a581-7ad0a532b2b9",
                "5a0d14e4-a3a1-4dcd-a037-fd1721f521ae",
                "4ef69685-6bd3-4969-81d9-61afa35d7d4e",
                "b97a7ba4-1d9d-44c6-9b7e-fd885e8a0184",
                "01ecbebe-2226-4ead-9700-51021dc16b8e",
                "cca288b4-e7c5-4ab7-87e6-68add43bf72c",
                "0fed0280-d910-433a-8ad3-4ed43caace25",
                "e2f3bca7-02a8-4c64-aef0-3ebaac98f6e2",
                "6daaafc5-ae91-427c-8aff-37d5a9a14d50",
                "725e882f-540a-4ab3-b159-a37fb758d746",
                "dd7b51ec-ca1e-4fa4-ba64-92b2fa400d86",
                "7e2a3ad8-be0e-4f57-9693-d09b4d6fa271",
                "fce51fcc-fe32-4955-9b55-1400d182b19d",
                "60f3a3a7-4a17-438a-8650-694d569b6096",
                "1792f01d-bd3f-4ff1-9ec8-e09e67c653b9",
                "7318d2be-d7b3-41be-94f4-49737034797c",
                "ef687b3c-262d-4f4b-a86d-cdd87962ae10",
                "812f863e-1203-4ca9-bf7c-2fc5f4a55964",
                "0806c807-ace2-44b4-bcf1-145c92f483e0",
                "dd8cf415-8dff-4363-b2aa-80e3f286cc96",
                "e2b78bcf-8eea-4245-bfbf-4c1d69572e64",
                "91f22183-821f-4e03-8d8c-8eef25d4c006",
                "e810e851-2862-456f-a7de-23c6b886117a",
                "48f850ef-efa5-4169-b769-116f190f8c87",
                "d9a8b974-b0cc-45b3-a38c-8352e533f365",
                "df2ec6c3-fae1-4092-82a0-10026d14aaaa",
                "7aa76650-4b6d-4ab0-bc69-3ef19cc2d895",
                "93742eee-4bf4-4d92-8180-52aa257c73d8",
                "d0dfd708-899d-4da1-85c9-c49fbd65c699",
                "d4ee9272-a4b3-41b2-a62e-bcbad294e28d",
                "fad64038-39c4-4da3-a91b-b38c1bbdb723",
                "580550a4-2568-4471-abce-c235934cb618",
                "9f72c65c-f6ae-4cb3-8b96-b879ed6b8d80",
                "21776bd4-d785-42e9-a5e0-691ea65c1b55",
                "7829e566-ce69-4c77-a646-9260650c650a",
                "d6fa1b11-8745-4b65-a184-0f084641409d",
                "b93f6ce1-719d-400d-b90a-da5d3962e8ec",
                "5740138a-b9aa-4404-8323-314e28797cbd",
                "4f2bafbd-8e7b-497c-bcaf-85909650148e",
                "d2539315-0f17-4874-95ad-12697f0fae6e",
                "0e85af22-fb5b-46f3-ab3f-2ec40ff08775",
                "5448fec7-2721-4dd8-8f42-8c4ad06e3c0a",
                "776d1d59-33c7-4244-88ea-94c0fb798659",
                "8923291a-680c-4651-a8e3-e5b3b19f643b",
                "b4574c48-7f16-4b61-8d37-2403604607f7",
                "dfd6d91d-30e3-4ab0-b35b-a1d7d5f5386b",
                "d6c5248c-668b-41e5-b7d7-dd4b11404ef5",
                "ffbc8da0-d653-4e14-8427-a29c187741a2",
                "00165133-2756-4e09-8de9-38b411fb4c55",
                "59533f17-900d-4c92-b35e-cb162549e3d3",
                "3c6a0aaf-8e63-4aa4-8ce3-92985feb593d",
                "66ab7245-39e5-42d5-8af9-62c116643b0d",
                "02303364-7454-4e1f-a234-e4c279813d4c",
                "0f545134-0eb3-4f17-8577-d4235aecdf1d",
                "00e0653a-9e58-4e4d-9cd1-5fb2551e35e1",
                "686a5a95-24fe-4d11-a933-f2186874d7ad",
                "cbdfb6e7-798c-4e64-a27d-5d1faf153786",
                "083dfe55-12d8-46d0-bcea-a5b34da66d57",
                "ba2f467f-d366-4533-8d72-cddeca93df0d",
                "eed6abaf-7656-44ff-bcc0-696286a48a8a",
                "42f9003e-0f61-457d-9461-f4b04aba43b1",
                "b5173c7a-76b4-4ab0-9ea0-d42c6b5d0ad7",
                "db76c19d-cc92-4877-b3b1-93972f80a6d2",
                "f740f29e-a936-4d1e-a6a4-7506ea8cac2a",
                "8d9bd43a-eaef-47a3-9103-2d9a6eaa68db",
                "74ff9371-fa95-43bf-b91b-5945ac81a670",
                "72f1ff9a-940f-4341-ac24-9341c1d85c7b",
                "d4b74bc2-be51-41bf-bc06-987961ae9c9c",
                "2a94ce47-c53d-43d4-8dae-f0871c2167f0",
                "b91bc1fa-a235-4290-a95c-7f0fc460d927",
                "05e6c4bc-7319-47b3-931e-70fea38114f3",
                "2641a43e-182a-4bbb-b4cf-98a5cd96c363",
                "3ba6fb30-6736-4638-a1d0-e2dd145bcfc4",
                "1805d46c-f9b4-4a6e-a90f-24c18b5128a3",
                "94a78f1a-8073-490f-884b-d742b9ecfdf2",
                "2ac31b19-b2b0-4447-89d0-938f15bfd372",
                "292cdeb2-5e79-4249-9621-fbc65948816c",
                "3c036e8e-5a2e-4a0c-9bc2-cc2f658e2f11",
                "51fdfd0a-a1ed-4d65-9a9d-3577be4a2239",
                "f36dc197-d4e2-4fe4-8406-d0a463d2200a",
                "f817c15f-b42b-4f0b-9658-a30e1d42c8fb",
                "e25f7ada-c025-44ed-a86c-a01b906b7fda",
                "5005c658-0ef8-41b0-bd29-cced816ccf5a",
                "94bc483f-39cf-4d64-8899-c55eb92c1bd9",
                "7e976d87-532e-4ad7-82f6-7077f6ba693e",
                "f4443e79-b9f4-4a9a-841e-319a5e859a5a",
                "97aca504-8b5e-4d22-ac73-5abd9b27288e",
                "68e055e7-7635-4616-9964-32c00c2d5535",
                "5994b303-7ef3-4ff1-b81c-1e1e553804e9",
                "bae74958-3aea-4f16-8b1c-aa62ee2dce17",
                "6b6a1576-c7c1-49b1-afce-12788d9f5a8a",
                "853fbec3-9c8c-4af9-b04b-4a49dd987d2b",
                "183026e4-3ec3-4cbe-8d6d-f29d847fd3a0",
                "34b3a496-3d3b-41fd-8cd0-50ffba0ffbe0",
                "3e88c5ae-c918-489b-90fc-bc199ea946e0",
                "f227209d-3738-491c-af1d-9a906e0d7afe",
                "0b89e5ac-6dde-4f78-8980-14bd277d12ed",
                "b20979ea-c3f9-475e-ad34-23c8387c488b",
                "0b8c16fe-ea24-4c97-a82a-06fa62a03f18",
                "e1c453d0-918d-4a02-abf5-09ffa3c633d6",
                "cc17de8b-6c4c-4b54-94c6-723a6bf5ccb0",
                "fa09bfd6-50b0-4d83-bbbc-917e2472cd1d",
                "73c53901-3e7d-4010-83b3-5f96d9e56622",
                "51074dc1-5c7b-485b-9fd0-75f4f1ad8d9d",
                "08f13e9b-dbf6-44d5-83e9-b7747c494077",
                "83970481-263b-4ed4-b5c2-3a7dc6bc11ca",
                "71d9b733-f5e6-413b-8505-d4d7d7071ff5",
                "f09102fa-b0dc-4ced-a926-63972b6509c3",
                "bf14e1c0-1ac8-4bd3-a9f8-8afaa93cf2cd",
                "475ed1d6-5d6c-4eb6-bcaa-d894d73980b3",
                "5d3b772a-d0b6-43df-9da5-3c4df0c32ff1",
                "31b40a78-653d-4423-bd8a-1ad4eed8fb3a",
                "1572b0de-6894-49ba-b8ad-6bb0ef6d126c",
                "62666ba6-8104-4f1f-9f93-ac142c9b4cd9",
                "63b149d4-3a2d-4ab7-80b3-5e35ab0047c5",
                "c3461229-d409-4c5e-8119-9c7fbead3571",
                "c2230b6d-228b-4c04-8ff4-077d1c6d6fc1",
                "093d6a8f-6195-49de-8fb3-c794395e02df",
                "5602a7d2-6f87-42da-a552-5c76ccc5793b",
                "bdee04dc-0c64-47af-a0d2-8f6d5a1629e8",
                "ca5e30c0-bde5-4994-9f65-ffa78cc2421a",
                "0975cf67-6107-4ab7-9e72-c53c8f4f8848",
                "f8703254-0ec1-4c0d-9094-f5949e0b1590",
                "93e64d32-dc8a-4cc9-8025-c561a5b12079",
                "79e77e78-40c5-40c2-ab73-e031bfcc9f39",
                "0e3cb5e1-4d11-4735-911b-58aa01930e46",
                "8194086b-4e13-43e0-82d0-049e11718d4e",
                "b6149899-f0aa-4cae-9ac0-98aaa892d69b",
                "98cff213-daf4-457e-9f64-4cd45151a7b3",
                "a3c9f5e6-5eba-4242-a917-98baf3486853",
                "bc661ad5-56bf-42e5-a421-63f242b8f7cf",
                "7c61eddd-abc6-4ac9-a542-b777658816e9",
                "0d613ab2-642d-49b5-935e-de3321325a31",
                "f9c95e82-a8dd-440d-9cf0-e46dacaadd07",
                "8471487c-b530-40a6-b3d7-6b85b754daa0",
                "083bec73-95a6-4992-9513-32b958a7d023",
                "ff9640f8-ab8a-4e8d-adcd-e4f52da4913f",
                "5249723e-b876-48fd-99ee-9d0160c864c3",
                "b3c9ea1c-e498-450d-8597-1ad979e2be78",
                "4cea2143-ef35-4d9b-a0d8-bb7490bd9817",
                "7232d983-1f53-4428-a42d-ee99304bfb73",
                "461c80d1-a2ac-4120-bb74-11d92b09221d",
                "0b3a40a9-6400-4b12-a769-0e59d5a4e83f",
                "7989e288-7148-4be8-b3c7-d4d1e03be45b",
                "30e202bd-3abb-48e7-ac3e-5326a848daf1",
                "1a4bf49b-de5c-4a44-99c3-7294b0f34339",
                "bc0e04e4-0cb0-4940-91a0-8b79e3350b8f",
                "ad45619c-d74d-4da2-84b9-be8e4593aa8f",
                "3d1c8e55-8836-4634-aba7-0e56ada32884",
                "e9af5bd1-16b4-4d8a-a116-4b8a60618dae",
                "c565672b-5db3-4946-9e48-005c8a2503c7",
                "2d30b691-9d0f-46f7-b599-4012d6966807",
                "fc1511a3-8d95-463f-ac1a-6a067b5edc94",
                "1b52ab32-7874-4415-94b4-3182bdb29dc3",
                "09b7d3fe-3a2a-4def-81e4-8fb9ac3f9a1f",
                "1937a7eb-ff0c-409c-8b41-4fb8455b7def",
                "4adbcee6-b9eb-4114-b927-67e66f7a8a48",
                "0bff5413-177a-4420-b540-a096db460009",
                "c20c64ad-7536-4c2d-aa58-5f22935e8846",
                "fc8b275c-c5a7-4242-8673-52b9bedbf12c",
                "9df88f40-4dd2-45ba-833d-895225e0a03d",
                "0c63b8c2-ff3e-49d6-b917-75766b744ad1",
                "facff49f-b44e-4b2b-b88a-bfeac4cfc578",
                "146e182a-3e21-44e5-b8f3-9c751d4cda01",
                "8d112269-2914-4640-b4fe-e8b2c97c1b63",
                "0dc725ef-b1fe-4424-901f-7d2709db98aa",
                "e79d03b1-7144-4ba7-973d-c6fc435df2cc",
                "7dea5750-673a-4c9f-97bc-701525c2b1d5",
                "12715b0a-9472-40bd-8932-e7f0c4462902",
                "1ee9719d-461d-443e-ba90-9cf7294b24f4",
                "d12f9df2-be54-4ba9-a4bf-8f0456e5efe8",
                "4aa46a6d-0e6d-4b06-864b-101c2eb03a71",
                "cee28f80-bd39-4656-b43f-526d4dbe48fa",
                "2a612538-dbbb-459a-b05c-21e742428a0b",
                "677cda9a-fb47-4e70-b0e8-8e1ec16cb8d9",
                "c5fe22a3-e58f-4b8b-a75c-9e15931bf62c",
                "975f00e2-4899-4942-8170-5d221f24d087",
                "4077080b-4d36-45b7-b2b5-c1bb2ccff964",
                "b6b66caf-675d-47f2-a300-61e1353f265e",
                "e52f5324-38ef-45be-8eaa-cbbeae988935",
                "5d04b5db-5310-420f-a6b4-f420a3956f1d",
                "f4aba07c-0be5-470d-bd11-d7f9a93a1f5e",
                "34aa752c-3569-4929-812a-682423fb2ecb",
                "a8d45161-cecb-491d-b5e7-b84745d79057",
                "28cd6999-5315-4337-af85-de98e6924ebe",
                "8667f322-7319-4c65-b21a-1cf6b1aaa4ef",
                "f6763697-9cfa-451d-bd1d-27711313162a",
                "fa608300-8de4-4a57-b2ca-ad867b53cd07",
                "bbd1071b-d1ae-412f-8295-044737ab1b0c",
                "f7a80574-9693-4764-a68f-21ffdd062b53",
                "f11a3879-f99e-46d7-a768-4273ad33f065",
                "f821ff77-ae59-4c5e-8ca4-437ab1dcd4af",
                "4a3515d6-cb73-402f-88d2-ea957fabc0a5",
                "daa4fa71-8f69-4ae0-9eea-f3be6c9b03cb",
                "67d5b69a-c0e8-4f30-8d68-c4518df2feb6",
                "c2277955-9a8d-4f9e-b457-5e83ec5ed31c",
                "a7981b93-5b55-4d82-a242-74a5eaa4051f",
                "66289701-83f0-4f73-8319-60dd70fcf9ce",
                "f09ceb3b-c99e-478d-ac81-da67e8b8221a",
                "ac44f050-647e-44e8-a29e-c422d921ff21",
                "9e3ef06c-dc7a-40e4-b30a-a5b121f42502",
                "df5fa9a6-9954-44a4-9419-d78cb36b83a8",
                "105b6ed0-999f-40e7-a031-2fad1d061377",
                "4eeb85f3-f1dc-4f1c-afee-817fa1a0bb46",
                "175b9ed0-901e-4f25-86d2-2c157e046a79",
                "1de71d6e-6969-466e-9188-c40959e64f24",
                "7c2a09cd-fc93-4078-a0bb-c641484bdd81",
                "c080f652-69fb-46dd-ab8c-089f76662ea3",
                "ea0ce45d-8a2e-483f-a78f-08da6c381f57",
                "f4050f81-4e70-4588-86a7-470871c37bbf",
                "70a38965-13a7-435e-aaec-75dd9ff493c3",
                "0c5d4e45-a2dc-419a-b918-aba1f3d5b01b",
                "b78e46a0-611d-49b3-b512-5edd98f12869",
                "3b8cfd66-7744-45ba-b7ea-65a8747da882",
                "3041758f-f63b-4462-8438-6179c6a6b223",
                "eeaa03ed-693e-4f72-b6a9-ab7c0890398d",
                "22260d98-6a36-4506-8079-2d506305dfcb",
                "b3c0a7ec-d73d-4923-b521-c134a3d173ab",
                "6c0af643-90a9-4725-ac3e-86413e7880b0",
                "f764c8af-8ad4-49e9-a63b-fef2abf0bb93",
                "bc070ea5-3deb-47c0-a23c-533d4260f7e4",
                "13b457f0-9224-40d5-a62d-c9a412caa041",
                "7e6d844c-259f-40f3-b0b6-fbdf4b30c8a8",
                "bce76600-4a96-4670-b2f5-26d205139053",
                "2cf09751-31c2-47b6-a9fb-116b3096e8e5",
                "b654c370-1c4e-41ff-bce7-2b02f9ac209a",
                "789cb90d-9f15-471f-b7c6-0a1d9599e70c",
                "6b696295-7df6-45f5-aeee-0f84e4e4b51f",
                "0d1e5af5-497e-4521-b6ca-84643f614434",
                "3a18a468-9ab5-4d05-8e7c-7d6e3f2b5fbc",
                "efc49f21-786c-45f4-aaf4-48a3b1c8da9e",
                "85fd65a7-12d8-4ac3-92f8-257f0d37a31e",
                "9a8cbe28-4092-4512-bc5a-ee4ebb025f13",
                "ba2c89fb-6b0a-43a2-b93f-9d8ce83807fd",
                "05ccec5b-47b9-4019-8485-6a8edaf8f72a",
                "874d9894-15c4-48a5-a7be-7ccaeec1a8ce",
                "ce656d76-ceb9-4e4d-a065-d7f33d189c9a",
                "28ff16d0-3d79-4562-b093-575f51049081",
                "3d2740b6-ab26-4eac-b33d-c8a31e2db244",
                "b5ae9d79-99e8-475a-b5a8-30632ea23233",
                "1e9e908b-3a16-489e-9850-b80ac1859ec8",
                "c1ddc68e-2338-4f74-96f8-f8dcc8375eef",
                "10f13b72-3b2c-420c-893d-2d95b844011a",
                "d2eed405-9755-4680-993d-8ef55ff7fb4f",
                "8fe8eee8-8b5b-4cac-b14e-4dadb7d541ee",
                "4001ba82-dc77-42fb-a1d0-18e37351b153",
                "4d85b561-42ac-446a-a309-0f88a5dd562b",
                "caf00f7c-b012-4dfb-8618-5382e0e8e414",
                "0df1d452-0e31-4b13-9e5a-51c44e8bea39",
                "6f2332af-c8e7-4b7f-8036-608d6cba3827",
                "cbddc2d6-eaf2-47b1-94b1-779bb1b4a3f3",
                "e81576b8-d378-4577-8b4d-cdd8f4dacd28",
                "6d36766c-8acb-4b09-ab46-33be26735f60",
                "d5cc75df-f2c9-4471-ae0e-05e36e12f5f4",
                "0a97608f-5251-4af6-8742-4e1601c1a0d1",
                "f18c1e5c-97d9-42bd-839d-d6129ecf27ef",
                "0c435f15-0b6f-4033-84c9-00437366af9e",
                "da277406-49c0-407f-b8d5-e923b6ae24dd",
                "73f76d12-317f-46b1-a2a3-e57be470be87",
                "a4c9b395-f3e1-4b54-9280-eacedcf83413",
                "3f1e59f2-a473-4018-b504-945317d7fd01",
                "3b9fd930-8b54-4cd9-9b88-e6466bcdd2db",
                "3420c4fa-c4f4-40e4-af8f-da6349389fab",
                "dd7532cd-bf7d-461f-89e0-a5fdcb341b1b",
                "2531fd74-4678-4ae3-8f39-e60793386f93",
                "fb959a80-0b4a-4529-b348-23a816865860",
                "01b5e2d7-7762-4426-8d28-28e2c09585de",
                "8fb852a5-5a79-43fe-8bc0-25ad1d7a39ac",
                "48d367e5-13fe-429a-9958-bc5f4586ce5d",
                "ef53fa61-31bf-4971-a1d2-ab347f2051ba",
                "5a2b22fc-be2b-43de-a2ba-63c2de8c1d66",
                "a43bf131-82d4-47a7-b900-b1690a562ebe",
                "7c94a3dd-d04c-44ab-a465-fc8b919e8094",
                "d6656bb1-3bbe-4554-98d3-fe5aa0532a8e",
                "1c840fe0-89fc-4640-a901-2f92a26a9fcf",
                "14878b58-247b-46ac-8163-85ef5fea53d6",
                "41a482d4-4c26-41f7-bcb6-1a1f888ec8d5",
                "8fa81b5f-e649-4e38-8076-047ad50badc0",
                "3eb153d4-c68c-4bf2-8cb3-bee4e6a286ed",
                "805b95e8-4399-42c1-ada1-d840b82d305a",
                "dbb3af2d-2358-4289-abe5-efa87610b027",
                "f0c96de5-b02d-47d3-b9b3-1cccf7a91623",
                "250cdc66-a15c-4f5c-b98e-5ea0202199bd",
                "fffc33ab-fd0f-4c6e-ac0f-a0a9c27b5441",
                "7b2e7d85-692b-4497-8344-8750a8166ab2",
                "7688de50-2c70-4df8-baf2-a24329d3db4c",
                "195e33af-67ce-4796-a6b9-7c70ad74d6cd",
                "3fd56677-0adb-4b12-a0fb-ff3a9c248a0f",
                "dbf90fae-cd85-40ea-b991-6ce6502be898",
                "7c89f26b-3f6c-45b8-8806-d00e56c3f197",
                "70f4e33d-4057-4a95-98d3-ac6cfe5201bf",
                "fc2b7242-fdad-4609-ad32-22b76733dcf3",
                "afc515b1-4935-4f0f-a66e-b9118aea2cd1",
                "f6121d82-ae79-45de-86bb-3358f3f4bbb2",
                "05685a16-09e5-461a-b5cb-61dc7e104903",
                "673f7a5d-fe61-45e9-98cf-10e0b449b04b",
                "feaa04ec-73c6-4110-bdc6-510c500aef0d",
                "d580c402-96d1-4fea-bfb9-72f10c98f743",
                "6bd051db-e808-4196-8b06-535f152a0176",
                "90ac48ee-3dec-4cfd-b6c8-88b89d32d702",
                "d35bc1bc-f619-435b-8d3c-c000da541434",
                "9339a11a-0da6-4e3f-8e28-ce3091f5689d",
                "09c512aa-9a09-40a8-b1fc-86d1ef3020f9",
                "ebfbe8a7-1a5b-40d2-832e-c210fde0fd78",
                "84eebe01-6320-495b-9591-b30c7ac21d04",
                "f69a1b81-7af1-4317-b773-53534ddfd34f",
                "7e88e2e2-8bb2-4a20-a49a-1b3a79abcb41",
                "b94e093d-ad2c-494f-8387-6adda2676c73",
                "979c3742-1d57-451c-ae39-53d7d35f6908",
                "3563b0a7-ebe8-4cc8-8ef4-031df88de41f",
                "a91d8fb3-e42e-4177-a038-7d34cbf85423",
                "ebd2e09a-1ab8-4a9b-80d6-e13cc6628f78",
                "17e5a3fc-a6d2-4a9f-a612-3c0912301ba8",
                "1d6610b1-c7d4-4c4e-95ca-84fa612b4332",
                "e8786961-01dd-48d8-aa8d-d366f7860ace",
                "b7ccb0d9-48c8-40d1-a947-8a3ea34cd69b",
                "34be1628-4058-4ec8-a9b9-be76c7ff12d3",
                "5454d6f7-2e0c-459e-b0a6-88605d23e93b",
                "cf211462-8bed-43b0-a28c-3a3acc890ab7",
                "17fc0226-123e-4dd1-89c7-4bb7a0b843fa",
                "8e00788f-bc89-4d4a-b9a7-abdbcb0826ea",
                "9e8b4e2c-d08b-46bb-b1b6-037de0bc348b",
                "d72ee26d-8349-4d7a-a8b4-1b67017503e3",
                "14277862-f4d1-4442-9418-87c368ed5023",
                "355c2733-1b11-4047-85f0-042f357eae6d",
                "fb429e4b-46d2-4279-bd39-c2d7a3a57b52",
                "cb8531ce-e773-4647-bbd5-b5c3c8a796bb",
                "49d420ed-6db5-44f4-9058-4f048c026ca4",
                "6ec9b6f1-8bb9-425c-904e-e5b05e557745",
                "99730b78-86c1-4437-aabe-7661c9f705de",
                "c5984d3e-ffea-4455-82b6-dbdbd51a0609",
                "789638da-6da3-4864-a543-2c185cb8c566",
                "c6a77fa4-385a-4b9e-a91a-a2c0bc66b6e5",
                "35697f31-661a-4f66-aa93-6d4e1fb9342d",
                "6fddf6f0-3a25-4376-a1a5-df99b1fb9d89",
                "8772803a-cf95-40ca-af45-6b6317802dc6",
                "1f78f7f7-4f52-4727-bc6a-7e12335940f6",
                "6e01cd6a-c0a1-4e7f-91e8-0575dde3ab37",
                "6a5dbf37-7baa-49f0-8d4c-187ada9973dd",
                "b60eae80-94f0-44a7-a3d3-760a2191ca8c",
                "3bb29139-1cb5-41f5-a5f3-a43690f47c76",
                "ce5abaee-ac8f-42be-852b-760c904fe49e",
                "2214dad2-10c7-45ae-8bb6-a467b06a2e2a",
                "9997181c-1df0-44f9-9f6d-f5e38dde8340",
                "2e847c8c-ee16-4f7f-8f14-72946df53562",
                "55c8768b-8c63-449c-9dfd-27d62774862a",
                "9233d9e4-28fe-4c72-8eb0-6fa469f8ba62",
                "60fa3db7-2fd9-4931-a1d9-1b21b34cab3f",
                "5941f4a9-a951-44dc-bf76-ecb402403ac6",
                "6b7f8ef6-8215-4ae4-87f1-a8baf534e96d",
                "d5e99e80-cbb2-426b-9840-f876e9e81b14",
                "c764aa71-d527-4150-9650-bcdfd96daf2a",
                "b7d4e701-7543-49cd-bb55-e68487fba1d7",
                "18760c24-d454-4cd4-8dcd-bb25f9f732c8",
                "8b6df7b8-1668-4b6e-89c0-53ecf239974c",
                "75f6bfa8-7cae-4a03-9a85-135a49a5042a",
                "33927a99-9bd5-4433-949b-052a845ab06a",
                "2d5fbf49-954b-464a-b707-1d1e1f343b6f",
                "c6cb7e12-4237-4ee6-80ba-6651527a83da",
                "b82f5afb-1e5e-4c2d-b4dd-d3427013b010",
                "fb746dd6-60f7-4f25-9596-e7f275bc61bd",
                "b172bfff-5756-4dd9-8331-e65a0ad6f5be",
                "d1968e1f-f37b-4539-90a2-eed613bc5c3e",
                "5754deb0-fd83-48fb-ae9a-25bf16e67c9f",
                "45b7b40f-4aa5-4c73-a2f8-6e05bbf79d68",
                "459a28e2-165c-41f4-99e4-009aa2c06618",
                "b6707447-e1f2-4e61-8f40-bd16d522dc29",
                "3ed3ec54-4391-4516-b408-9438f39e7ba3",
                "3fc427b1-3730-4bc0-8ef7-f73186562588",
                "960953e4-cf80-4db3-b325-caff64186da6",
                "a458bce6-a465-487d-a5a5-0005bfd85717",
                "40d38632-35ac-4287-a1e5-88f10b00186f",
                "a0ddd37c-cf79-495d-a4c6-e6a86213c206",
                "4bad670e-e5d1-4d76-a9c8-869c49623d09",
                "6d85296d-3d52-4ec1-86cc-481f13acec76",
                "54cff290-f8eb-428e-b590-5c9a4603eafc",
                "3fc7cb28-51b1-4e06-8472-631d7c512bef",
                "f93970a6-bfe4-48d8-9e29-e5b95be7a83f",
                "10365f0c-1c70-4dff-8d00-3f1c467bf061",
                "6bc6f2b1-8a24-478f-a858-d80df3766ac9",
                "53a45958-2da6-452b-bc35-5f0b36d9718e",
                "726631ad-1c38-4308-894c-a9c4bec156ef",
                "4905c08d-0189-49a3-a301-7697154eed22",
                "e02e0771-b01a-4edc-9ed7-ba85e7ae0dca",
                "dfae69e7-5f1a-4baf-9ac0-7f40518b72c5",
                "21a81490-8c3e-4f61-a235-37129c15a795",
                "285af091-02c9-43a1-8395-d37f1b64b8eb",
                "4308b1d1-43ff-47fa-a5e1-aae8d4f36179",
                "dee3ecd8-c4ea-4358-8a4a-f1dba3990ff9",
                "b8aeea99-d481-4946-907e-f4bf52797b42",
                "3366aad6-4502-4702-8248-94aaf9aadf3d",
                "5831b6d9-21d5-4582-a544-63d6ae60b3b7",
                "f80e6619-4d1b-4490-91e1-402ab143955f",
                "60d5f976-e98b-4d8a-8c80-58feffaf66e1",
                "2b1e56b4-5275-47e3-a28a-31124a4fc59f",
                "0e06e093-b42e-47cd-8515-93834c8c08da",
                "5cf842ec-a6e3-4e6a-8ee1-329af787ce01",
                "832068bf-f117-40ab-8d68-e562ed261176",
                "aad1c056-1085-4829-95ae-42f4b4d0df35",
                "9648b1b4-166f-4c7c-81c2-01a908612268",
                "6f605c00-2d22-4182-a5a3-879a55ac17f2",
                "2a4806e1-e457-474e-927d-b87ff98895da",
                "e8e8b10d-2fc0-4ece-8c5e-1fad462583ed",
                "e0c60c6e-635f-4c97-b63e-ea50a4742091",
                "8d646676-e0c8-460e-be97-bcb22f288b5f",
                "d48719ea-6f12-43ff-ba63-63a162f05b8e",
                "a4122e4c-07c0-493e-9d00-b6a18184b39d",
                "1b720e3d-a8d7-47f8-83b6-0228a6b4ee3f",
                "474f68bc-b432-42e6-bb40-8244295e8143",
                "0bdbe55e-edf0-4762-b438-35a98d1066c5",
                "eeb0a2ef-5862-4cbd-a00f-0da850f9c6e0",
                "1ca72dcf-8cd2-4397-9bc7-c4b99fc83a56",
                "04847008-f31d-4493-85fb-9d63ddb04454",
                "df46c46d-8dfe-4a2e-8dc8-33b385efd3db",
                "2ec66571-463b-4922-aeb5-4332130dc2f6",
                "298bebfb-f145-4cd6-9823-430464e1e7ae",
                "e37158f1-20d1-4eb5-ac03-a2adbe45f48a",
                "36118c4b-1ed4-4693-9e94-689593ce4f89",
                "415f1c8c-b9d1-4f00-a334-1481f9882b7a",
                "6a55af1f-132c-4f1a-b4d0-1779642b6be4",
                "0883d1c5-929a-4a7c-8dc2-f5bfa98c4c3f",
                "941d2766-7a4c-4247-bc9c-3b3de2bcf998",
                "5b029600-997f-4d0e-9725-3fe11a5f2587",
                "203f8d0e-2610-47d1-9ca5-0a427e3bc58c",
                "f2fe1814-6fdd-4fe4-85e7-fe66b7890fd4",
                "d6f704c0-207c-4d6c-8e6d-530eefa2aedd",
                "d326d834-7302-43da-9ff3-debdb7ad36fb",
                "1d545058-bb21-4550-acd1-56ed7417e848",
                "3511aabd-952c-41ab-9377-c153c65f4230",
                "c54f8b70-ced6-4e52-8348-134a2f8d17bf",
                "7cd64d55-d0e1-4b22-9f2d-b08f999b1395",
                "719766c7-00de-4074-9741-ff2a1797b452",
                "4fc12520-5559-4d9b-8017-24da6e8ed9cf",
                "a038188e-c92e-4f7c-9f26-4e8cfd827b5c",
                "be8103c0-bcba-4f00-8693-5afc99da37c1",
                "cd6c12c4-5df7-45ab-ae83-4fb5d986fa4a",
                "2c1d8ca8-e350-48a4-b9c1-b20fd7b5bbbf",
                "61b711cd-41da-4449-bdde-587a95d5e06d",
                "0a53d715-be7a-4d07-a02d-d6d0dbf445db",
                "812376da-90bf-4e85-9456-9e4141efa6f6",
                "7170a6cd-282d-4fba-a105-f521c4333e47",
                "4ca03b64-3d7b-417e-8111-a77b2ef55dd1",
                "03fda03f-e94e-475f-a377-33fcc6841af8",
                "e1d07ce9-bfcd-4615-8887-92a3bcd2bc9b",
                "cbd01ed7-7324-48ac-a82c-8bc6522b669a",
                "3f64f000-3314-4336-b2da-907a3c6abce5",
                "84376aad-7f76-46a1-ba80-edecc06c5228",
                "8ba7e9d4-1cb0-4d3b-92b5-ab6e10c86201",
                "6782a5c8-5f39-4f53-ab90-dda77b1f6b29",
                "08bf7501-f4dd-45ef-b8e1-b75704d7fe15",
                "57a31ddc-5805-466f-abf5-35e8fa173726",
                "bcac8451-ec72-46fa-b179-71daf64849c7",
                "d5decd89-8750-49bb-946b-063a0f796a5c",
                "244e4556-210d-453f-98bc-f25f93caac0d",
                "3b9273ed-333e-4f9a-b26a-fbf4a7564e2e",
                "7804d744-7032-44a8-836d-ca3c79dbabad",
                "f10378a0-8610-46a6-869a-2796adb2046d",
                "18281039-0dfa-4bc2-a64b-6c0767677412",
                "d397fb37-2769-4ed2-8ba5-8fb12ec4a844",
                "f2039e6a-8526-4f75-ba08-663c83f4d3c9",
                "35268534-ba80-449c-b6ec-604375b6589f",
                "1a5ed0c9-6fd6-4996-bbc1-3433137610cd",
                "153623d1-625c-47a6-82fd-363541ba68c5",
                "fd317408-51df-492e-9d6c-c42f444f0498",
                "af7af8c6-3645-4eaf-a177-3a6c1c6c4136",
                "e3e31261-cd19-40ea-9aeb-cb22af1f16ba",
                "498a8699-2f40-4f06-aa17-0a3045404a72",
                "5a2d1c29-aa4e-4a3e-ba50-d5a20fca6f55",
                "26b4ea8f-5a83-4a5e-ba1c-71a85b2101ea",
                "0aba3af9-2774-4290-b865-3bf4602818b7",
                "4dc1bfc5-4905-49c0-90cf-d2c63626b27f",
                "726c97e8-b3c8-4087-80c2-37c25745b1f8",
                "85bb5d48-1918-4bf3-9a2f-00adba3de3b4",
                "ee997e77-d5bd-48aa-abed-b0588cfe6569",
                "91720e4e-d12c-48b9-a9ac-519657c57a45",
                "498922cc-d4f1-4fee-be04-0047f9035852",
                "918c7bc4-584f-4948-931d-75d5631cd596",
                "f083011b-83a7-4799-9e9d-1d89efad72b2",
                "b648fef2-b28d-4ae8-9520-82188cda8dc1",
                "27ca92e0-0b93-43c6-a1b1-8aa2f37f395a",
                "32497835-9493-43d1-8725-b8a1a2ab74ba",
                "e37d41ab-2507-4234-87f6-3f4fed52b0a2",
                "fd09f01a-08d7-4932-ae2f-5ab584d7af78",
                "24cd57ed-cab4-4a7d-8147-57d797baf087",
                "dddc1a51-c2eb-4e56-bbff-4225e3ff406e",
                "b8a5d138-7acb-4346-96ab-681b7b2fa9cb",
                "d1730109-74b0-4bf6-a14d-36a7b67bc744",
                "0495664e-e18e-4763-bfd3-fd351107c625",
                "529c7c2d-64b0-4fba-bff5-c3676095c529",
                "4b1972df-c8f2-4545-9323-3cb989775bfa",
                "d2cdd9aa-c452-4b5e-89dd-9eebf966fa84",
                "73640660-8988-4356-b064-8817ea322964",
                "adc6309f-f5e7-45b2-a417-2d25b4a948db",
                "5465a353-33d3-46e5-a804-e161bd5473c7",
                "d55507ef-207b-49e2-a754-f420e8729315",
                "8a8dc6a7-6eae-4cce-a82d-45975b10929b",
                "2b2e6de5-1315-4e06-8ce0-9674b4fa3f89",
                "2cd48146-5aff-4a69-80cd-d1c15673dae2",
                "1337b002-7044-412c-8a0e-06f01bd4a645",
                "b25ebbf6-9d69-4126-b98e-067b567ea6a1",
                "6f859ed7-fb58-4e39-a511-ebb6d91d7d4e",
                "7a5900e0-141a-4623-91a8-084a2b449d2f",
                "eb375d13-5d56-4d36-8e2c-f14d1aae57e7",
                "a9d40419-c06a-4ca3-adfa-e5f681076c84",
                "a2902a8e-d1e3-4feb-9e12-7017edc2db53",
                "98a6e54c-05cf-4693-b59b-af63ee8587f0",
                "18006e29-2ce7-4807-a82b-cb8297445e02",
                "c0aa5112-6495-4508-b0ab-69c55ed8f851",
                "30c138a6-b99a-4f41-bcb6-48372f0ff8f9",
                "09c54675-10f6-4390-b201-d6b22908c769",
                "3318d0e9-78a3-4e9c-ba87-419c7200b024",
                "f52c254d-d782-4f1e-aba4-c80ce0c4206b",
                "4336aafe-24c4-4388-905f-003c40dc5d2c",
                "cac35fdc-8e92-4066-ad0f-faa4533b9c8b",
                "7a1678ba-ef45-4388-977f-0eeda9272915",
                "b9287629-916a-46da-a6bb-28f4e07e2924",
                "e542e01d-e19c-41af-bb8e-5715514e76db",
                "bf98d7e7-2de6-4e89-950f-88432b985047",
                "e998e0ae-ef13-4028-ae95-6890c17e00ae",
                "e894d3b8-b391-49ef-8676-8243a65cad62",
                "65c36883-1ca2-4074-8a22-8998896ef147",
                "802f7e4c-be14-4eab-8001-931de3f42768",
                "5477e9e6-6908-4637-b308-1e7309585f8c",
                "16ffe70a-2ec2-4379-a525-7b55fbafc1e9",
                "a700fc00-a5b0-40dc-9f7d-fcbea332837e",
                "047e54c8-630d-4758-9823-c7f19feb8b1c",
                "1988edbc-a11b-4353-871e-0cde48ee9843",
                "b0ed5370-9e05-4a34-ba93-0bfa0086c326",
                "56c5cc21-6cfc-4967-ae0a-65d9557f6219",
                "e0ff1293-a07c-44b8-ad3b-d7495ab5a7b7",
                "2bebf79c-8127-4a03-a807-bf19c20f0ff2",
                "f0d1bb81-b47d-4390-8899-e3f51ee3f255",
                "579c1dec-eed6-438f-960f-91440174c2f6",
                "7ca6e4a4-05df-4c14-a32c-bf1db1ef9807",
                "658dbc8b-8cab-4462-90f1-ddf6bf5c0ccf",
                "d0ed631b-162a-4719-aceb-b9ffcf6a8c5f",
                "d1fd8bc6-cbe7-4c17-83a2-6d906294174e",
                "a2ac113b-7d65-4879-89ab-8973e470d3ec",
                "d06a38a6-fb2a-463a-ba9f-aec8930d6a23",
                "37489676-4cc9-47d2-82fc-3e03a542edcd",
                "9c8d5254-0d46-4419-998e-0a1d33367b78",
                "2de0c671-8e98-4d93-ab66-ad70b2fea5c3",
                "1539935b-59cb-45a5-8661-d30f5c9581db",
                "d6dc5024-2335-4820-acf1-c5d7ff48fb86",
                "e7665b00-e537-43af-91e9-26b51d9f9197",
                "1bd2a21d-720c-468f-9898-f792b5d48e80",
                "15cd1dc6-6f1c-42f7-8187-e92df77968a6",
                "98dc9926-c4c6-41ac-813e-cb68b7985f70",
                "daed6dfb-1adb-4f42-adfd-8a52bad35ea8",
                "c5e4b9a1-2340-4366-834a-2dd794254933",
                "e954a1a0-ad95-4d45-bf69-2226e51bbb78",
                "1b694264-07a4-472a-a09c-dbe1a56dd2f9",
                "a62011b2-2ffc-4d01-9508-037e0163ec92",
                "c93e9e13-ea6e-439c-8186-dc1a8feb712f",
                "0f43da88-4daf-4432-a12b-90c95fbee67f",
                "5fa77bad-2228-4081-b27d-bcef749e4317",
                "b7d3a8a2-abea-44da-b730-b37768d1f966",
                "b469686b-7aaa-429e-9f2b-7bcc537cad2a",
                "c67c9029-6142-49ce-8d84-1585db86d4a0",
                "49a00c75-755c-4b58-8259-10e5a7d6a68d",
                "3e0aacd5-923f-418c-b57c-c3f07b031262",
                "cc21ebda-f377-46f3-98ea-768d11bed37c",
                "0a059dbf-ab79-4b31-bb11-2a1520a25985",
                "bc1245f8-2786-48f3-8b13-f645b4ce8258",
                "ef1acb58-e0bd-4fb2-96ff-171de03fc8e8",
                "7a2fc050-f7c8-4a0b-bbbe-9d43f17876c5",
                "1626ef8b-ed8b-4acd-a4bc-306622e92dd3",
                "5e62ed57-1142-4fbd-86da-e4429e0aaf05",
                "3c073a05-d5d1-4abc-92c4-b2e0fcef5662",
                "c6cf2657-80be-410c-a31e-97de5c68598b",
                "e9b75b60-cb13-4405-90f2-6727f36116b2",
                "86283b50-0b59-4944-80f7-dea1973e3f60",
                "1d7c2f1a-6929-44aa-b73c-3b4ecbe9f0f2",
                "1831fa52-6a1b-438a-9425-a422eaf38e2f",
                "9b752adc-6c66-4eba-90c3-0e976ab5dea3",
                "78809267-f6e9-46a5-8a83-5a9a6cde3c6f",
                "f5b75eab-f2fd-43ee-b2e2-05ffcf40eba9",
                "a2a3735e-e382-4f41-b131-8bc018ecce65",
                "7bfc68a1-3413-41bc-97e8-acbc405d4bcc",
                "42e74a01-fc65-494a-aab6-d1476d5ca870",
                "4feee5d9-3af0-4a06-970f-2cf7817b4ba5",
                "918588f3-8161-4bd4-a725-c58cf06dddf8",
                "62c5182c-d151-46b3-a520-7a4bfc38fbbc",
                "283bc8ff-da46-4121-95b7-0f9a7f484d4c",
                "62d71ba2-42b0-44aa-8f50-205823a2472f",
                "0b0363a9-8ddd-41ff-a1f8-447fe1daaeae",
                "26934b5a-f4bc-4902-8444-e4db110c119a",
                "d3515ab3-5f29-4910-85b0-90ac9e639950",
                "d0362c1b-fa70-4eaf-89d7-720c6d151f14",
                "d81ee924-b414-4a4a-aef1-c2ad791a7bc6",
                "ec323dad-7c34-4567-8997-f58bab7a3b32",
                "a34301b4-1002-4628-a53e-9cbe711db233",
                "e52230f8-77da-4f68-a672-00833b055379",
                "86db3654-879d-4507-9a47-dfa1eab34638",
                "3c3957f6-c2fd-44b9-b861-cbaabd6cc644",
                "fb856864-7444-46c9-884d-19328a8b34aa",
                "8f89a62f-2670-4d78-9f5f-7202fafa097e",
                "a998825f-e7b0-4708-8ad8-9b3776befc60",
                "bb39fa78-66e6-4a36-bf93-3d22c2e3b71d",
                "eb63f23a-3245-4e2a-8472-512b13f284cc",
                "98cdd392-56ac-4d6a-9fb2-9b7f6957aed3",
                "50b567be-9e8b-47ec-90f1-4df75d00998b",
                "c737f76d-a820-4dc5-859e-280285705ba3",
                "ab160032-9025-41ab-9311-15bae4e9e5ab",
                "22da4694-ec18-41d7-95c6-611fe89db6a2",
                "6047e3af-79a8-4f1f-aafd-b10fd479990c",
                "93ac7d8c-8ecf-43c7-a952-75aba2434a6e",
                "8e493484-0f86-40c9-b6dd-f0e504472bd7",
                "b6a0b329-0608-45e3-b06b-3683e18b55a2",
                "45001313-e588-4706-9237-9f06fc62a7de",
                "679a9448-22f6-4b42-bc77-cc34c78e60a3",
                "46deca58-b890-4cdb-ad3b-848bbd319e9f",
                "fb798772-2625-4d25-a4d7-bb30f517a3f4",
                "60656bf1-7f4b-4b4f-bb9d-706db8b109b6",
                "9f4225f3-b4c6-46a1-841b-3f78aaf4b49d",
                "b1128260-3f65-47ed-adf5-507a9f12dd00",
                "e8e5618f-b0d6-4548-ba66-28d9599f9e4a",
                "28349445-d42f-4a5d-9405-ed2bed5b2fba",
                "c5ccf91e-2d24-4831-90fd-0d0a685ebee3",
                "3e0438f4-2310-461f-b651-4b65499ee655",
                "3300eeda-d030-43ab-b851-c52252086a02",
                "8369d963-646e-4662-b597-3bca7c74d5c3",
                "462a97c2-a9c9-4817-bc02-b17df0774143",
                "d5b5ea4f-6ca3-4f54-9b82-946a6c2af3e0",
                "30f43ebc-d4b1-44c9-a258-4b41c00f9347",
                "4f1db9d3-c46a-4441-9e27-5594f4853da3",
                "c0552e1d-9ffd-474c-af71-2f8048ab4dc6",
                "e627194a-a0c5-4b31-a184-8358ae8c7413",
                "78848060-08c1-44e0-9f51-24e894f0ca4d",
                "7d96a52b-44ad-4cb5-8bbc-474fd5f1cfc5",
                "98faadeb-0e3e-405d-954f-99c6b0e8d35e",
                "c65fd6a0-8c63-4bee-8179-2ca24a9bd37a",
                "de024205-561b-4f77-90f2-e6f3e91f5fb1",
                "c19f45fe-d7e8-4ee0-b443-27ae548bd844",
                "e5cc9870-ccf6-453a-a740-4d4d4038cc02",
                "3028b59a-feee-4c83-9280-5c024244ca7a",
                "13a80d67-0953-4092-85d0-b0496eba9d2b",
                "6fb20b4f-976a-4ce1-8dbf-52d625269e73",
                "efe2c2db-3d72-4369-98a7-8ef379174375",
                "70cda4ba-7f45-472d-9b23-265efad5a489",
                "147b0442-fa67-4438-a608-60c0c5f53c68",
                "fe6f93f8-df43-4efb-8205-3a86ef5d0cc2",
                "ceea4778-7688-4aa9-945d-2bd9aa234d6f",
                "bb0a7b13-7b7e-441d-b5b8-9a5574d96381",
                "42e0a912-822a-4305-8663-75c6bcfdb974",
                "b44f5786-dc5b-4280-9200-96ccf7864087",
                "7743510a-86ce-4743-a579-18b9e69a0bd3",
                "0af26959-1a23-49a8-a3f9-373813388db7",
                "8c334b5f-dfb1-4b82-9534-ba1b4052db42",
                "88ebcd6d-bd03-469c-a3e4-5931ed2420f1",
                "87e0073c-1a58-42e9-a842-c909f5771695",
                "94779367-fcca-4828-8a37-c274c3b9f7c1",
                "d664ac50-5bb9-4e63-a6a5-3f6f2c0ee007",
                "0a37718b-cccf-4e86-a536-c9be45cc41d5",
                "df92379b-d633-4d93-8288-368a6f00a4b1",
                "c7d55d06-8c56-4d39-878e-64a2178bb755",
                "dd6337c2-2c4e-4f9f-8dea-1e9cd86dfa91",
                "56873500-5324-4751-af06-c6e9e5d27dbe",
                "fc74aea6-a388-40ea-ab9c-ca27f2a80353",
                "95d55a5e-f093-4c1a-89ec-d1e0ad0ff727",
                "f74a6c08-a753-4dcc-b0ae-8632f98b4557",
                "12ffa4c6-0ca5-4fcb-86d3-d83b997e8cc5",
                "1c5fafd8-a01f-4fa4-a641-10c443401bdc",
                "7bd8592a-ebcf-4402-9c5c-777a9c68a42e",
                "cb1dcdaa-5382-40f3-bc24-730276d1834d",
                "3f844d1a-ba03-4487-a18a-db38b4434c2d",
                "30b23a1c-0db8-449c-b2de-d441a43ae0bd",
                "52d252c1-d138-435b-954f-f4145b196969",
                "39ff73b3-c88f-44af-ad58-81faa25d2cd2",
                "e33a3c96-4c8f-40ea-8b7b-c69640ceb3a3",
                "53f05761-06be-4502-84ff-676836a879c8",
                "75384ca4-0e18-4d85-b094-f551883f66e7",
                "6a408bc9-d128-497a-9066-8fa9eb96b8b7",
                "d4ae1788-c265-485e-a502-ec41ea0029b5",
                "96647183-c39c-4078-88f2-f327df4f841e",
                "9cc29c9c-d3b8-4d79-b8f2-08c860dfba78",
                "8f8f7ea4-929e-4c1a-a733-df94a306a932",
                "ec2db15b-060b-4081-8882-a1d430720e43",
                "0f613719-b09d-4d9e-b03f-c826c5967aa8",
                "0e47751f-4674-42f2-9a63-a5bc93376b47",
                "21a1dfe3-2f65-4d5a-8e68-ddf55ccadb87",
                "03566d3e-eaee-4d36-9511-669517dd16c7",
                "007aad27-57cc-45d3-a317-a08ebbc00f9c",
                "ed176a38-3ac3-48ac-927d-92b96a5a23b5",
                "0b5dbe8f-b29e-449b-a6b2-3ab0585d6ffc",
                "bd9588f9-3a8f-406e-b452-a164dfebb989",
                "c10a2111-783a-40ff-930e-b93e99a7b5c9",
                "4610d41b-f39a-487c-9515-b4666bfe1ca5",
                "0ace7328-596b-47ac-80b8-42ecc3f373f0",
                "59454f06-3753-4671-85e4-b7c0fc6774f9",
                "d88d06af-ce8f-4609-83c2-15d27c52d52a",
                "ed93c0f5-df69-4b12-b18b-95c8e93abdfc",
                "33d480fb-c4c8-4088-b58f-a561469eb3a9",
                "37366f40-925f-481f-bcef-555c9c6da5f2",
                "7a499104-40fe-4d95-a265-9ab049789bbf",
                "827fe6e6-8984-4ea8-a0a5-847d10974c1c",
                "4fcf8683-9811-4060-b6d8-0c6703c1f6b8",
                "0b124d0f-17b2-4506-b6b2-20864d936bc2",
                "f163c8fe-8b00-4d0c-b2ba-c579c14e0d5d",
                "698ada23-a91d-4588-b836-948e2daa1bf9",
                "d5dcdf7a-1e47-4c8b-b712-831a507b7402",
                "3d1bd7dc-726a-49d2-8b5a-00b2d885b0c6",
                "88b9537c-e155-4f42-9261-c0755801a712",
                "43f41de7-6af8-40f9-a783-1f5225a369df",
                "a7094842-900d-4f9a-aef6-2df7e4d3f142",
                "17661e14-e9d2-43a1-af27-152399e4987f",
                "5807dd59-9d4a-4809-b894-4799db090615",
                "b626c8ef-fc66-4a7e-82a8-bf561362217f",
                "29d52b8c-b2b2-4071-b7d4-eeb8915af22e",
                "d8e54883-510a-466d-956a-fd2424c831d4",
                "bd7b120f-6586-43d9-b236-79b8a7a711e0",
                "fd482651-69a1-4d9b-8139-5b129892d5f2",
                "f9f7800c-e8e9-4e58-b9c9-781819e9cb7a",
                "607e1e8e-bce8-43ab-ba7a-c1a09681e1a9",
                "6f5a561f-cc1b-4419-8111-7389e8e24c47",
                "deaa9eb0-93e1-4599-9397-812a183ff4d9",
                "22193ac5-ba85-436c-814d-65f3373ad9db",
                "1d515069-6f0a-4be5-b562-47f1da840ff0",
                "d074ddb5-2cdc-4f5d-84c8-0a3d4e372c1b",
                "36ca4325-9b18-4720-8130-9adf7651dce3",
                "643ddc1b-dedf-4991-ac2b-28ae1a3f44c0",
                "2cbd6bd5-24b0-40b4-89e5-aadc69566a69",
                "2f7ced98-2536-4dc3-8371-39f47f3691d9",
                "b31339b1-36ed-4fa4-8f54-8cfec8c02571",
                "e61fde98-0564-4057-ba4f-53808958f305",
                "df2d476b-fe2a-46f9-975e-50ededf1a71a",
                "94c0fdac-8e9c-4f35-aa1f-94267933291f",
                "8e4271bd-17c6-4e4f-8415-5627fffa7f7a",
                "287a840f-01b9-4fe4-9fb7-8a2e968e468e",
                "67e77242-1db7-4a12-af0a-538d1976d542",
                "711e4436-655b-4d2c-9d99-be182e17aea8",
                "ee6e047c-4a4d-45a1-b53b-8c7b08608871",
                "d842e390-41ea-4374-869d-4cfbb20b080a",
                "36d80670-5543-4ad5-8bbb-2c6ee4be0740",
                "cad6f988-f373-4836-9146-7fd54510ac51",
                "3409dab6-db4e-474c-9185-6c49323fd244",
                "7769df93-afec-4d1f-9191-6be6c6ed53f5",
                "c89e9f2b-5257-4f75-8d53-e9942b1818a1",
                "d6f33142-39f2-4073-8feb-4a5968f68b6a",
                "2be544b7-db1d-4bfd-94f4-361e3c3c8387",
                "5cc1b684-5b47-4407-9f5f-19224f0bd535",
                "507823e4-4579-46e6-b782-3ce670800b00",
                "ce7b1b9a-8218-4f0e-9584-5bbbc53392ca",
                "680fdff3-08bc-40a4-8e41-69d8b52d6ba4",
                "1f21988a-faa8-4b89-83e9-71dbd25d7c11",
                "12d84b8c-752a-420c-ab90-9fe690cfa6a0",
                "ac1a655b-a67e-430d-9418-c9b3a5511fd9",
                "58e1cb04-9cd2-45d3-8114-d2e544618401",
                "97a7ddef-eba5-4889-a40b-3338d1f2dbf0",
                "0a4b2516-8ad8-4eb2-889a-613bf3d54271",
                "ad1f8d61-dd1f-4a14-b32d-3dc38d0d32af",
                "da5e0a52-bf95-46b1-a68d-f3dc1fadc7d3",
                "745f9909-e8b1-419f-9da5-42ce0cdd8a18",
                "b90e129a-955d-4c59-ae4f-dcbe94cd940c",
                "66048b19-6723-4ac7-9f76-a51585a7bc74",
                "0172d1e5-5091-4d9e-ac1d-99c3ea04a219",
                "4f5dbf5f-ba91-4632-a13e-aaa2db048be4",
                "a18a1b75-558c-43d8-83b0-e70024aa9c4b",
                "7f099719-bd8b-47fe-9317-b120a0be70e1",
                "dbd2c294-9d26-43e8-a778-4b7d1ac6babb",
                "d6f13906-b7d2-4850-abad-ea6d756aab16",
                "5de761e9-4060-4333-be36-e13fd216370f",
                "caa835c6-4bc2-4665-83a7-cb03853dc68b",
                "5871c162-90fb-4d48-b5e1-350219f660b0",
                "05e9f2b5-ad32-4070-ac2b-3de4ca8f2553",
                "46662ff3-54d4-4a1a-9dfc-b3255c5703e7",
                "a3948e82-9b3e-42c9-a8ac-3a493055e02e",
                "d57dd310-c6d5-4dd7-abb1-a96973d0bd4d",
                "1ae25a65-0288-4f84-9927-b79920d10780",
                "1867d5dd-ac0f-4ad5-817a-d64da31abd30",
                "72679572-f179-48fb-b0a3-88882e56d9b7",
                "84f2eba5-c5a3-4f83-a220-5c670dbd6cdc",
                "1f279214-2b8b-498b-b135-25937e30f39f",
                "19c12608-d26c-4fed-a35b-4d08738bd117",
                "002ac526-7bb5-4bc9-908a-3ad14e4bb6a7",
                "eb1e5206-fc2e-44ac-aaae-01c21f24a23e",
                "93743b67-d17d-441b-a342-073a595d8738",
                "dcbbd61b-a299-4464-b587-28aecf373d25",
                "ba432e80-0d5d-46da-afca-6a90ad2c0dc4",
                "1410637c-58c0-4285-a1a5-f45b3fb03c6d",
                "cbf2adc5-d5b9-4aa4-a9e5-adc510e6573c",
                "c95bc53b-04e3-459c-97f5-a4a4739ab4d6",
                "6c7ca377-a6d4-4047-afe0-4ccb1c512fc8",
                "172900a4-0c3f-4278-9d75-bd7c1f7a99a7",
                "5ba94c59-f489-4b4b-bb58-2b9f3280e7bf",
                "734ec8b3-fb10-48d2-8767-1936ece6d79f",
                "e2992cce-9ebf-4f2e-884c-4271a07bb1f3",
                "1fa2cfb6-9386-47dc-b43f-b0cecc9e019b",
                "e4184ed7-03b0-4c9d-aa2d-223dd5eb715a",
                "2b730f44-79b2-460b-a526-7a78b30bc2a7",
                "708330af-87bc-4e62-a88e-e50c4a8305a4",
                "4790d0c0-cd70-4602-9c4f-bae395a8f8b6",
                "953a711c-7720-4f25-a318-0e215c7c5c51",
                "416268af-7520-43fc-81be-896862089f2f",
                "328e65e7-5292-4135-acd4-79e2784bca64",
                "10eaee65-0384-41f6-b339-34f12c7ccb24",
                "302fb561-ffd4-4507-b27a-11b38cd0140a",
                "3872d4cb-2cf9-4c8c-b1b0-a6aa13f57840",
                "5bc0fc70-9a9d-4381-8b81-88920c32ad6a",
                "b1f3f273-afea-4a1d-bb3e-ee215e57511c",
                "ada26d3c-6830-42d0-9a5d-fbaaf3c06f6e",
                "08f4c43e-2572-4120-94ce-bb859bd5497d",
                "0a3bea3a-f7e7-4ae2-a91f-9bb30c74737a",
                "7319733b-d85e-4c8e-9e57-d1cf1145af79",
                "335f8c09-b8a4-417d-a5d1-94b95aec7ab2",
                "871d9b75-d755-4974-aee5-446bb6462103",
                "e1ba85db-afe6-4db9-bf5b-ace2ed7cf703",
                "76500cd8-db36-4410-ad9a-ac9de6bbb87d",
                "3ad723ec-7891-4453-aab1-5d153a8a1aee",
                "f6eaed37-502c-4f0f-b119-eb85abd07ae8",
                "f77b8860-b0ca-4599-9668-fceb4c446ca0",
                "5cc117ae-14d8-432f-badd-478bf5a8a66d",
                "769c40a9-ee03-4411-8a34-b1bb70c374e3",
                "a317e585-d38d-4184-9dfd-46aaa512a910",
                "721faa3e-c041-4d6e-8f4a-88a9d249d23f",
                "a680bf9a-270a-427b-b9bd-8dbbfdf52595",
                "fbd5d694-5962-418e-b1e6-f4fac514b9e0",
                "1fb5731f-2087-49e1-921e-6c9e0f287240",
                "3ed8ec23-1219-40fa-bdd2-b759917f2a86",
                "827760bb-5aa2-4479-bcf1-9d810cbc220b",
                "c6234f17-05d1-4ac0-a9da-548a72946cec",
                "6c429a66-8f14-44df-91d0-7e98fb60d996",
                "96ae1190-b9dc-4c03-bac9-28ab372c4f85",
                "f62e734d-5cfa-449c-b31f-fefb540b4016",
                "98293c39-c98a-4dec-a379-4873434aa75e",
                "557b7363-5ade-40de-97a9-38cb26b518e1",
                "c11acf0f-1680-4d1b-9962-37b1d3308bfc",
                "cf821961-a8c8-40a2-91c3-0724e4767bac",
                "f00f0a61-1ea4-4cd9-bcf3-ecd9b1d298de",
                "41c8a133-a0e3-4403-90e5-5eb3fe3be7fc",
                "9bf16b4b-87cf-4ea3-9b11-45d095fe1c83",
                "1a632662-6c3f-4641-900e-9f11b504c182",
                "a037c55f-b6e2-4570-b0ba-63c0d276f369",
                "a7eb1b77-ec29-4a31-99f7-be1e6ba89f82",
                "c0c7f298-a761-4eec-81cc-0dc3d17d160e",
                "f7410fe9-7e93-4942-8a4f-e5c75073f8ce",
                "8bc92fd8-292a-4dd7-83cb-496be171c7d1",
                "b10fde65-14c7-441f-b058-afd027baa7f5",
                "115637f5-912a-4938-8b5b-04c2e3a55519",
                "e5e01f6c-d2a6-4536-a585-44c84d6c84eb",
                "d5dfcb06-b4b8-4365-9bda-7d8b455b8cea",
                "4db4b1be-a497-4054-bdd4-802d400f2068",
                "3be32ac3-3195-43b3-a71b-05cdd12da875",
                "16d4153b-6ea3-4c71-a8d0-e35d92dd2410",
                "bc04a68b-ef35-4fb0-abdd-ceb26533a42b",
                "288503eb-1696-4f29-b711-642da9484525",
                "ccd4b1e5-6723-43f5-8397-f211de6680f6",
                "65213ec1-01f4-4349-8a70-d2942f0f1f4b",
                "58879119-3df8-40b2-bc5d-f2c27e5aee9b",
                "82ccf12b-360e-471a-9a73-3763b1f42046",
                "66539c1e-a4a1-4d88-89bb-d464893c1f0c",
                "9e5ad930-6358-4b12-9c7e-9aedaa429cc0",
                "f602600b-70c7-4e43-9da3-43ec281ae48a",
                "a08a066e-f5da-4b0a-83eb-ea8bee15d3e0",
                "067354ff-cd1a-459b-b35e-657a0f741132",
                "002edc71-54de-4ecb-989d-3da3cd456be5",
                "f750a14f-00d4-4f52-9276-66ae5ff516c9",
                "52663a18-b240-40a0-bcf4-aee92b491445",
                "bbed8fcb-efb6-48e7-a4a2-61ff06cfa9ff",
                "d30263fe-3fa8-4cf6-bad7-078bca93cc20",
                "18e62bd5-4b36-45c1-80c5-3928adeb18e1",
                "f62da805-5422-48db-b9b0-2c10889ec413",
                "756842a6-b574-43b5-b383-e22cd9648982",
                "c0dd5bfb-4ad4-4cff-a4b8-39bd6a047143",
                "b34e2142-0a42-4f76-bfa3-a12ee9a178c9",
                "5b8cb917-27ea-44e7-9a21-d6b15ada8838",
                "42a2c2ec-bca7-4832-8bd0-97be0b7c7e47",
                "c89aefc8-db96-460c-9a56-0b66ec723585",
                "82356e92-1375-4ef4-af1d-ebb7a8a7c34d",
                "03b95141-38ca-4f5d-b929-c7ef18ac1d5c",
                "aa969a54-7274-411b-802a-84afb609805c",
                "142864f6-e814-4703-9233-c3c5dbdd85ac",
                "3a617917-6008-4299-a173-91be9150623e",
                "78431daf-d4db-4f76-a3ac-2d85b2e25a6d",
                "d9a549de-00ff-4f6b-a023-98fe62314404",
                "9e49bf88-eb75-481c-8753-e3f894c8ae8b",
                "9fd29a3e-c5e4-4d54-8c6c-468e693b0240",
                "2eba5a5a-8d99-4a02-9c75-7ac6dc164931",
                "25812e9b-6f62-416e-b2b5-94312bc9bba2",
                "78e2a27a-c2d0-46e9-82ea-92328137b87e",
                "73e7ce81-897b-4970-ba53-363b954c1c9c",
                "4eae1b75-1631-441b-8a80-70dadd50daa2",
                "676bf611-a240-472e-8749-98e39c8e289e",
                "c1380211-81e0-4ff5-9219-0769eca99e80",
                "2a821522-661f-4576-ba93-2fb947ad29c1",
                "0656214f-fdd8-41b6-9b3b-00721af919d4",
                "248e4fca-db39-4592-9e2f-6fc977021c05",
                "29dd2a4e-0979-400d-952e-57a0c09627ae",
                "8668d28e-ce90-4bd6-b8ad-4264cab0bd4f",
                "8014994f-3620-4e74-abe0-fbec2150e5ca",
                "600d0c98-0a2d-4d13-aa0f-4994e91e07c3",
                "f457ddbb-377e-4016-a18e-c7132809cbb0",
                "67ae28ee-3d6d-4f02-bbbe-418946f8aeaa",
                "0d094633-580c-4fee-821b-671e586234f3",
                "2d9adbcf-c1e5-4f61-8f1f-cc3d046c7294",
                "a1567d28-1bb0-4e24-9467-ab6930128d98",
                "99293fa7-ca32-400a-a021-4c0aac9312f9",
                "4654bf60-5cdb-448d-b5b7-21204a0de2af",
                "a845136d-eae0-460c-8bae-839fd6bdc275",
                "40e683dd-842f-41db-9746-cfb58472f3da",
                "184b2802-6df3-4153-a080-93536d7fe475",
                "68ab51b0-bfb1-48c6-9c85-eaf1f5accea3",
                "60b1e93e-4e37-40d7-9d0a-b3acd4029a56",
                "5c899c46-bc98-450a-9d25-620380dd4e30",
                "48757693-6a6c-4d24-a22e-59fbdf0c41eb",
                "9ef2d85a-74ee-4bee-b766-6160bd57b7ff",
                "96b7c465-c62f-421f-9e71-ff17f6111dc2",
                "8b2b559b-433f-4a31-9cdd-bc826c48ce52",
                "8b376a4a-fb2e-4b4e-8983-61557058faec",
                "b0716a67-deb9-4c77-a4a9-c0598914ac86",
                "f10a57ba-e9cd-4f81-a43c-a5cc9dda3413",
                "354dc678-cf9c-45e1-bb1a-369bd96ee2c8",
                "2901b713-b70b-425c-9956-32e7436472d7",
                "b40d0898-bf2e-4b4f-9eee-d3fcb6223216",
                "51dae752-b38e-43db-948f-fec608aeb1c9",
                "a1705e78-6aa2-4088-b9e6-40c26931a796",
                "8b532e4d-2939-414b-8df1-4ea73268fce0",
                "fdd0ee8a-8b17-4ec8-9538-425862638318",
                "4c6050e2-89b7-4ccb-ad19-5447a0128a6e",
                "0d4c9f13-eeaf-4b86-a187-db44c14212e6",
                "e3fd1831-fef5-406f-8c0f-e26dd7f3b1bb",
                "f8c449f0-0fd9-42f9-9073-df329ba900a7",
                "f26cb51d-2a93-44ec-98df-3d36fcd88e15",
                "f783cd72-73e6-418f-a60c-2319bc3a8822",
                "69842872-a61f-40f0-b5c2-ea7b9dae5f94",
                "7985e492-f627-4407-8071-a2c3f65e4899",
                "1a5371cf-3bba-4fcd-81b1-304d1cd285c7",
                "5add4427-5ec0-4e37-a67f-3aae0115058b",
                "c56e5443-0ed0-4d7e-bb38-55b467588705",
                "3e890550-6eb0-485c-95b5-29a7c355b296",
                "32558823-c07c-466a-b115-6733003780f5",
                "4cd658ab-b692-499b-b714-cc92ac5325d7",
                "aee6cd9b-4ea1-456a-b82e-c9366ad910da",
                "ad2edea0-aac1-49de-a842-ec02d60f1309",
                "6e62bc19-cf20-4247-b8e9-5f9928dbfd87",
                "e33db194-a463-4b78-83f3-090acc3ad812",
                "12f52486-a239-4390-ac64-0a582b8b5b90",
                "76acaa52-f631-4322-b762-30e7fa82393b",
                "9bf0abc8-ebc6-4601-880d-85f728d05ed5",
                "9cdd5692-0c86-46ae-9793-abbdff5baf37",
                "1eed9ef6-0e9a-4044-a3a8-2e2feabf745f",
                "1e7aee56-04aa-40c9-b804-c78ff8cf9a17",
                "32b402e1-52f8-422b-98a6-b03b963e7c0b",
                "c42f306e-d89f-43e4-86fd-c5edefdc0ec1",
                "afe8c36f-6261-406d-a157-2790f6b043b3",
                "547e9112-3810-4ab2-9b60-1c8a2fbe9365",
                "f5e8ca76-0e76-47bd-8096-d96c81d22b51",
                "473790d7-9a53-4a9d-b9c5-e0f9900892d0",
                "2deee6e5-04c6-49ad-98c2-d7e0f8204239",
                "79cc407e-1150-4940-aa4a-ebae3ddb930e",
                "e4041859-9ad0-4738-8dae-39e110a47205",
                "a362dd69-f96c-46ff-9868-65ce98339669",
                "56e45262-9fbe-4497-805a-ab548272937e",
                "49f2ce0e-f513-40f9-afd1-01d6aa0fce0b",
                "3a062cd9-1e9b-4e19-a5e8-273449ab5d06",
                "a4f0a2e9-822b-430e-9811-14722065e408",
                "e0e03550-3d47-4464-b040-ffa68aaa078b",
                "c569957d-f98d-4264-97eb-44f4debc66ed",
                "6840c99f-bad7-42ca-ab96-a1cdf9cf7e0c",
                "868d7367-3de8-4aca-a034-7c2f13e22b26",
                "86b81263-1bf0-45d8-9a0f-0578df81b856",
                "77fd3a0e-990b-47c7-ab27-85846e2086c5",
                "568e2e6f-069f-45d5-848d-5d3dc6c01793",
                "f61bb15c-bd23-40f6-8591-395aeefc1d7b",
                "060224f4-c116-4e9b-8ed7-b332e2e94d07",
                "d0d2695b-6fa6-4b0e-a141-615e21e22671",
                "079b95ae-dfc4-4d3a-81f7-853bf4fba7f6",
                "7fc6209c-9a4b-4b0a-9775-e29c7ec355df",
                "4c3d4071-2dfa-4543-876c-a21e3b96fc89",
                "a1d566c1-756f-402a-b88f-d123ef3f08f9",
                "cc2b3943-4200-4939-9b11-72b4b676cbbf",
                "85e1f662-f491-4e0e-8d5a-ba7cc6ecd298",
                "850e80f1-0c09-4be7-827d-054629e8bdd0",
                "ca220080-9b44-41f2-b588-e4320a223481",
                "c7b5e823-0c3c-4073-ace2-6a3ae0d25a22",
                "fb252e87-b031-4607-9da0-41a8acdb0e09",
                "5671592a-7fc2-4295-be0b-6fb5e533d900",
                "f3f858d6-5e12-4bdf-b2bf-7acb5f094713",
                "ed7b3ef4-735f-4769-9711-5dd7c1a36a21",
                "5179dcf1-e51c-48f4-9636-7c8f88ce7cd1",
                "a1fa8fdc-7b34-4250-833c-28877157366b",
                "14f4af03-aa73-48f6-be80-433e5952ecd5",
                "4f686c3c-237d-48ee-b257-13e9662fd801",
                "22f51661-5140-49af-890e-41f3df22f604",
                "d6dcd64c-aca3-4b41-8ecb-3a22cef255c6",
                "9f39f19b-146f-4166-9e23-5c4387352964",
                "b5d20605-6bbb-4123-89e8-e11d000df2dd",
                "a6ba24c4-8262-44c3-bc87-9f3db9270f26",
                "6e7957a6-50a6-4f7d-a512-01d647035879",
                "d771a401-5892-469e-b758-e07cdd7ea0a0",
                "4002a291-499f-4ff7-9b9b-d97da5baf653",
                "fd9a5d14-6655-4a9b-9532-b9341e7538ae",
                "d5ba686a-1c19-40c5-9538-32646e4408da",
                "9b720f5c-9c2d-4aa4-adaa-0e52b311034f",
                "63d5a8ee-b6d8-4e98-8f43-2fb438d519d1",
                "a766999b-466b-4045-a7a6-bd8b693ae0bc",
                "d8a75699-71ae-4f57-9566-31d0f02cab65",
                "4f66bc1a-f13e-4455-b799-bf6ef99f8aa6",
                "66084770-3b2e-4fa8-a07b-89f6ea98b234",
                "c451c638-2da8-414d-b465-d45123a6e42a",
                "7f0bb70d-8f59-476d-914a-ecd6aeb8a120",
                "86c05613-2a68-46de-8664-27c0cdea9f6e",
                "28412965-6503-4980-9177-30cc28bc1ae9",
                "02fa95c4-6eae-42d4-9b4d-ae100f63a421",
                "4ca9bfcb-bba0-4f82-87d7-ecf3dde5deab",
                "5cb44f8a-e4fc-470f-9b42-cd2397efe911",
                "1593b498-3b2a-48cb-8a88-751af76d8d45",
                "d83c0a56-38ef-421a-b83b-d48786fb258d",
                "52fc8f87-78de-4012-9d5f-cffd4dedd0ef",
                "8b1fdd9f-a94c-4437-a16c-ee333038381f",
                "d07a3719-e9fb-4c9a-a4c4-68e83b8562ca",
                "8fd44ce3-f22b-4993-a497-183af309ad80",
                "4899d166-874c-4a15-a2cd-e6a2dfe5637f",
                "92725a95-3801-4915-b99d-71ce6a7d64ed",
                "e17ba3d1-8c87-4c54-a1c6-55394dc01aaf",
                "52b9ed47-531f-45b7-b8b8-631024a958a8",
                "425e98b1-baf8-473f-9cbd-b86b58afdef9",
                "0b07c9a7-c84a-4e0a-9a52-82b846e97ac7",
                "3c7167aa-cb6f-4bd7-a7d8-7d05b5ccff17",
                "dfbf7ba7-c603-4973-a918-a2438a5073bf",
                "277acc31-1e3d-456f-a1b2-4949e8678081",
                "6d9bf03c-ea6c-4fe4-b06d-ec950dfbb036",
                "dee2e690-c3df-40fe-9582-1938ac4b5004",
                "47688a03-33df-4df0-b25d-2092b7b867c5",
                "40f1756b-ec43-4a4b-8cd0-b0497ac1db4f",
                "e6863c6b-8ca1-4f55-beb7-52929b448200",
                "c7ae9e45-d8f6-4c85-bcb8-f6ca0bc9a62c",
                "fb3e1fd7-bb3f-4c02-ae04-a47effb72002",
                "d7d3eb79-1ca5-4558-9b5f-d68f9684eac4",
                "c688b64f-2fd5-4aae-895f-2c2ab3f8843d",
                "4bf4e3e0-e685-413d-b784-619fc8a59cc5",
                "0ed2af71-58e2-473c-bec1-1bf6d69fa781",
                "913390a0-be64-4285-9f9e-8a70d63645c0"
            ]
        ]
    }
]